date,temperature,min_temperature,max_temperature,humidity,rainfall,wind_speed,pressure,shop_id,city
2025-01-01,28.9,24.8,33.0,62,0.0,2.1,1009.9,S001,Thiruvananthapuram
2025-01-02,28.0,23.8,32.8,70,0.0,1.4,1010.4,S001,Thiruvananthapuram
2025-01-03,27.8,24.0,32.8,70,0.0,1.4,1010.4,S001,Thiruvananthapuram
2025-01-04,27.8,23.8,32.4,70,0.0,1.4,1010.2,S001,Thiruvananthapuram
2025-01-05,27.3,22.6,34.6,76,7.1,1.7,1010.8,S001,Thiruvananthapuram
2025-01-06,27.4,22.4,32.6,76,0.0,1.4,1010.9,S001,Thiruvananthapuram
2025-01-07,27.3,23.2,31.8,74,0.0,1.2,1010.7,S001,Thiruvananthapuram
2025-01-08,27.5,23.4,32.0,75,0.1,1.6,1010.2,S001,Thiruvananthapuram
2025-01-09,27.5,23.4,32.8,73,0.0,1.5,1010.5,S001,Thiruvananthapuram
2025-01-10,28.1,23.8,32.8,74,0.0,1.4,1011.5,S001,Thiruvananthapuram
2025-01-11,27.9,24.4,34.6,79,4.1,0.9,1012.0,S001,Thiruvananthapuram
2025-01-12,27.1,23.8,31.6,84,1.4,1.1,1011.5,S001,Thiruvananthapuram
2025-01-13,27.9,24.6,32.4,80,4.9,0.9,1010.0,S001,Thiruvananthapuram
2025-01-14,27.5,24.8,30.8,79,6.8,0.6,1010.6,S001,Thiruvananthapuram
2025-01-15,28.2,25.3,32.8,71,2.4,2.0,1010.9,S001,Thiruvananthapuram
2025-01-16,28.8,25.2,34.8,68,0.0,1.4,1010.7,S001,Thiruvananthapuram
2025-01-17,28.6,25.0,34.6,64,0.0,1.0,1009.7,S001,Thiruvananthapuram
2025-01-18,27.4,23.6,32.2,68,2.1,1.7,1009.3,S001,Thiruvananthapuram
2025-01-19,26.7,24.8,29.2,80,19.1,1.0,1010.0,S001,Thiruvananthapuram
2025-01-20,27.8,25.0,32.8,78,0.0,0.8,1009.5,S001,Thiruvananthapuram
2025-01-21,28.3,25.4,32.8,73,0.0,1.4,1009.1,S001,Thiruvananthapuram
2025-01-22,27.9,25.2,31.3,76,0.3,1.6,1009.3,S001,Thiruvananthapuram
2025-01-23,28.1,25.2,31.8,79,1.2,1.8,1009.1,S001,Thiruvananthapuram
2025-01-24,28.3,25.6,32.8,75,0.0,1.1,1008.4,S001,Thiruvananthapuram
2025-01-25,28.1,24.8,32.2,72,0.1,1.9,1009.1,S001,Thiruvananthapuram
2025-01-26,28.3,25.0,32.8,71,0.0,1.6,1008.9,S001,Thiruvananthapuram
2025-01-27,27.5,23.7,32.8,65,0.0,2.1,1009.0,S001,Thiruvananthapuram
2025-01-28,27.0,22.8,31.4,74,0.0,1.5,1009.8,S001,Thiruvananthapuram
2025-01-29,27.3,25.0,30.9,79,0.0,1.6,1010.2,S001,Thiruvananthapuram
2025-01-30,28.2,24.1,31.9,75,0.0,1.4,1009.9,S001,Thiruvananthapuram
2025-01-31,28.4,25.6,32.7,82,0.0,1.5,1009.4,S001,Thiruvananthapuram
2025-02-01,28.3,24.8,33.6,83,1.0,2.2,1010.1,S001,Thiruvananthapuram
2025-02-02,28.4,24.4,33.6,80,0.0,2.5,1010.2,S001,Thiruvananthapuram
2025-02-03,28.1,24.8,32.4,80,0.9,1.4,1011.1,S001,Thiruvananthapuram
2025-02-04,27.8,24.3,32.6,78,0.0,1.4,1011.0,S001,Thiruvananthapuram
2025-02-05,27.5,23.0,32.2,75,0.0,1.9,1010.2,S001,Thiruvananthapuram
2025-02-06,27.7,23.4,33.2,75,0.0,1.8,1009.6,S001,Thiruvananthapuram
2025-02-07,28.0,22.6,33.0,71,0.0,1.9,1010.8,S001,Thiruvananthapuram
2025-02-08,27.6,22.8,33.2,66,0.0,1.9,1010.7,S001,Thiruvananthapuram
2025-02-09,27.5,22.6,32.6,66,0.0,2.0,1010.2,S001,Thiruvananthapuram
2025-02-10,27.6,23.0,32.4,69,0.0,2.1,1011.4,S001,Thiruvananthapuram
2025-02-11,28.3,23.8,33.6,76,0.0,1.4,1012.0,S001,Thiruvananthapuram
2025-02-12,28.1,23.6,32.6,72,0.0,1.7,1011.6,S001,Thiruvananthapuram
2025-02-13,28.0,23.6,32.6,74,0.0,2.0,1011.7,S001,Thiruvananthapuram
2025-02-14,27.5,23.4,32.4,74,0.0,3.0,1011.9,S001,Thiruvananthapuram
2025-02-15,27.6,23.8,33.2,74,0.0,1.9,1010.9,S001,Thiruvananthapuram
2025-02-16,27.6,23.2,33.2,72,0.0,2.1,1010.8,S001,Thiruvananthapuram
2025-02-17,27.7,23.6,32.4,74,0.0,1.8,1011.9,S001,Thiruvananthapuram
2025-02-18,27.8,23.2,33.0,73,0.0,1.8,1012.3,S001,Thiruvananthapuram
2025-02-19,27.8,23.2,32.2,74,0.0,2.4,1011.1,S001,Thiruvananthapuram
2025-02-20,28.0,24.2,32.6,73,0.0,2.1,1011.5,S001,Thiruvananthapuram
2025-02-21,28.1,23.8,33.0,74,0.0,1.4,1012.2,S001,Thiruvananthapuram
2025-02-22,28.0,24.0,33.0,74,0.0,2.0,1012.9,S001,Thiruvananthapuram
2025-02-23,28.3,24.4,32.4,74,0.0,1.8,1012.8,S001,Thiruvananthapuram
2025-02-24,28.5,25.0,32.8,73,0.0,1.5,1012.1,S001,Thiruvananthapuram
2025-02-25,28.8,23.6,34.4,67,0.0,1.5,1012.5,S001,Thiruvananthapuram
2025-02-26,29.2,26.0,34.0,70,3.2,0.6,1012.2,S001,Thiruvananthapuram
2025-02-27,29.5,25.0,34.8,70,0.0,1.6,1010.8,S001,Thiruvananthapuram
2025-02-28,28.8,26.0,33.6,74,1.1,1.3,1010.1,S001,Thiruvananthapuram
2025-03-01,28.3,25.6,36.0,81,5.1,1.3,1009.3,S001,Thiruvananthapuram
2025-03-02,25.7,24.6,34.7,87,2.0,1.1,1009.5,S001,Thiruvananthapuram
2025-03-03,28.1,23.6,32.4,84,72.9,1.4,1010.0,S001,Thiruvananthapuram
2025-03-04,28.5,24.2,33.6,79,0.0,1.7,1009.7,S001,Thiruvananthapuram
2025-03-05,28.8,25.4,32.9,78,0.0,1.2,1010.4,S001,Thiruvananthapuram
2025-03-06,29.0,25.8,33.3,81,2.3,2.0,1011.0,S001,Thiruvananthapuram
2025-03-07,28.6,25.4,33.0,80,2.6,2.0,1010.2,S001,Thiruvananthapuram
2025-03-08,28.7,25.9,32.8,81,1.6,2.5,1009.0,S001,Thiruvananthapuram
2025-03-09,28.9,25.6,33.1,79,0.5,1.8,1008.6,S001,Thiruvananthapuram
2025-03-10,28.8,22.8,33.4,66,0.0,1.4,1009.6,S001,Thiruvananthapuram
2025-03-11,28.3,26.6,34.5,77,0.0,1.1,1009.6,S001,Thiruvananthapuram
2025-03-12,27.3,25.4,32.0,81,0.0,1.5,1010.0,S001,Thiruvananthapuram
2025-03-13,28.8,23.4,33.8,80,0.0,1.7,1009.5,S001,Thiruvananthapuram
2025-03-14,29.0,25.6,34.6,80,0.0,1.7,1009.9,S001,Thiruvananthapuram
2025-03-15,28.9,25.6,33.6,78,0.0,1.7,1010.5,S001,Thiruvananthapuram
2025-03-16,28.2,26.4,34.4,80,0.0,1.8,1011.0,S001,Thiruvananthapuram
2025-03-17,27.6,23.8,33.8,80,3.0,2.5,1010.5,S001,Thiruvananthapuram
2025-03-18,27.5,23.6,35.2,82,7.9,2.4,1010.6,S001,Thiruvananthapuram
2025-03-19,28.1,24.0,33.5,80,0.0,2.0,1011.5,S001,Thiruvananthapuram
2025-03-20,28.8,25.4,33.0,79,0.0,2.1,1012.2,S001,Thiruvananthapuram
2025-03-21,29.1,25.6,33.2,76,0.0,2.0,1012.4,S001,Thiruvananthapuram
2025-03-22,28.0,26.2,32.8,83,4.5,0.8,1012.3,S001,Thiruvananthapuram
2025-03-23,28.4,24.6,32.4,80,2.7,1.1,1012.1,S001,Thiruvananthapuram
2025-03-24,29.2,25.6,33.2,78,3.1,1.1,1011.3,S001,Thiruvananthapuram
2025-03-25,29.3,25.4,32.9,77,1.9,1.7,1009.7,S001,Thiruvananthapuram
2025-03-26,29.2,25.4,33.6,77,7.2,1.5,1008.9,S001,Thiruvananthapuram
2025-03-27,29.3,25.6,33.4,76,2.0,2.1,1008.8,S001,Thiruvananthapuram
2025-03-28,29.3,25.8,33.9,77,3.1,2.2,1007.9,S001,Thiruvananthapuram
2025-03-29,29.6,25.2,35.4,80,4.1,2.5,1007.6,S001,Thiruvananthapuram
2025-03-30,29.6,25.2,35.5,77,0.0,1.8,1008.4,S001,Thiruvananthapuram
2025-03-31,29.6,25.8,33.9,75,2.3,1.4,1009.0,S001,Thiruvananthapuram
2025-04-01,28.6,25.0,33.3,80,2.2,1.7,1008.2,S001,Thiruvananthapuram
2025-04-02,28.2,24.2,32.3,80,1.5,1.8,1008.8,S001,Thiruvananthapuram
2025-04-03,27.9,25.2,32.0,81,3.1,1.6,1010.6,S001,Thiruvananthapuram
2025-04-04,26.6,24.2,33.7,85,0.0,2.1,1011.2,S001,Thiruvananthapuram
2025-04-05,27.3,23.8,34.3,85,50.0,1.1,1010.5,S001,Thiruvananthapuram
2025-04-06,27.4,24.8,33.6,84,0.0,2.1,1009.4,S001,Thiruvananthapuram
2025-04-07,29.5,24.4,34.8,81,7.1,1.5,1009.0,S001,Thiruvananthapuram
2025-04-08,29.2,26.0,34.3,81,0.0,1.8,1009.9,S001,Thiruvananthapuram
2025-04-09,28.8,24.9,34.3,80,0.8,2.6,1009.8,S001,Thiruvananthapuram
2025-04-10,28.2,25.3,34.1,82,0.0,2.4,1009.2,S001,Thiruvananthapuram
2025-04-11,29.2,24.6,33.9,82,0.5,3.2,1008.7,S001,Thiruvananthapuram
2025-04-12,26.1,23.2,34.5,85,18.0,1.9,1009.5,S001,Thiruvananthapuram
2025-04-13,29.2,25.0,33.2,83,1.0,3.3,1009.1,S001,Thiruvananthapuram
2025-04-14,29.1,26.0,34.0,80,0.0,3.0,1008.8,S001,Thiruvananthapuram
2025-04-15,29.4,24.8,34.9,77,0.0,2.8,1008.8,S001,Thiruvananthapuram
2025-04-16,29.9,26.7,34.8,78,0.0,2.8,1009.3,S001,Thiruvananthapuram
2025-04-17,29.6,25.8,33.7,79,0.0,2.6,1008.9,S001,Thiruvananthapuram
2025-04-18,29.5,25.6,33.3,80,0.0,2.4,1008.6,S001,Thiruvananthapuram
2025-04-19,29.7,26.4,34.0,79,0.0,2.7,1008.2,S001,Thiruvananthapuram
2025-04-20,29.5,26.4,34.4,79,0.0,2.7,1008.6,S001,Thiruvananthapuram
2025-04-21,29.4,26.5,33.8,79,0.0,3.3,1009.5,S001,Thiruvananthapuram
2025-04-22,28.9,25.7,35.0,80,0.0,2.4,1010.6,S001,Thiruvananthapuram
2025-04-23,28.6,24.4,34.8,84,18.0,2.6,1010.0,S001,Thiruvananthapuram
2025-04-24,29.6,25.9,33.8,82,0.0,3.0,1008.8,S001,Thiruvananthapuram
2025-04-25,28.8,26.7,32.8,84,6.8,2.9,1008.6,S001,Thiruvananthapuram
2025-04-26,28.5,25.8,34.0,86,0.6,2.3,1008.5,S001,Thiruvananthapuram
2025-04-27,28.1,24.8,32.2,86,3.5,1.3,1008.9,S001,Thiruvananthapuram
2025-04-28,28.1,25.5,32.0,87,10.2,2.3,1008.2,S001,Thiruvananthapuram
2025-04-29,28.5,24.8,33.2,86,5.1,2.2,1007.7,S001,Thiruvananthapuram
2025-04-30,28.7,26.1,33.4,85,0.8,1.6,1008.8,S001,Thiruvananthapuram
2025-05-01,29.6,25.8,33.5,83,0.0,2.6,1009.4,S001,Thiruvananthapuram
2025-05-02,28.3,23.2,32.9,87,5.1,1.3,1009.5,S001,Thiruvananthapuram
2025-05-03,28.3,22.8,33.0,85,62.0,1.7,1009.2,S001,Thiruvananthapuram
2025-05-04,29.9,26.0,34.4,79,0.0,4.8,1008.0,S001,Thiruvananthapuram
2025-05-05,29.6,27.0,33.1,79,3.9,2.9,1007.8,S001,Thiruvananthapuram
2025-05-06,29.5,25.6,34.0,78,4.3,3.7,1008.4,S001,Thiruvananthapuram
2025-05-07,28.9,24.6,33.0,80,3.1,3.5,1008.1,S001,Thiruvananthapuram
2025-05-08,28.7,24.4,33.1,80,0.3,2.9,1008.5,S001,Thiruvananthapuram
2025-05-09,29.7,25.6,34.2,77,0.0,5.1,1008.6,S001,Thiruvananthapuram
2025-05-10,29.7,26.2,33.6,75,0.0,5.6,1009.2,S001,Thiruvananthapuram
2025-05-11,29.3,25.0,34.2,76,0.1,4.9,1008.8,S001,Thiruvananthapuram
2025-05-12,28.8,25.6,35.0,82,5.1,4.6,1007.8,S001,Thiruvananthapuram
2025-05-13,28.6,24.8,33.8,85,14.0,4.7,1007.5,S001,Thiruvananthapuram
2025-05-14,29.5,26.0,33.6,80,0.0,4.1,1007.6,S001,Thiruvananthapuram
2025-05-15,29.3,26.8,34.0,82,1.3,3.9,1008.0,S001,Thiruvananthapuram
2025-05-16,28.8,26.0,32.4,84,0.8,3.9,1008.1,S001,Thiruvananthapuram
2025-05-17,27.2,24.2,33.7,89,17.0,3.9,1007.9,S001,Thiruvananthapuram
2025-05-18,27.3,25.2,32.4,89,2.0,2.0,1006.8,S001,Thiruvananthapuram
2025-05-19,27.5,24.6,33.0,90,7.9,2.1,1006.1,S001,Thiruvananthapuram
2025-05-20,27.6,23.0,31.5,86,19.1,4.3,1006.0,S001,Thiruvananthapuram
2025-05-21,27.8,25.4,32.4,87,0.0,3.1,1007.4,S001,Thiruvananthapuram
2025-05-22,28.3,25.0,32.6,87,16.0,3.4,1007.6,S001,Thiruvananthapuram
2025-05-23,26.9,23.8,33.2,92,7.9,4.3,1006.8,S001,Thiruvananthapuram
2025-05-24,25.2,23.0,32.4,96,87.1,2.7,1007.2,S001,Thiruvananthapuram
2025-05-25,26.2,23.0,29.5,95,26.9,3.1,1008.1,S001,Thiruvananthapuram
2025-05-26,25.7,23.0,29.7,97,31.0,3.1,1008.5,S001,Thiruvananthapuram
2025-05-27,26.6,23.6,30.4,96,42.9,5.7,1007.6,S001,Thiruvananthapuram
2025-05-28,29.3,26.4,32.0,88,6.1,9.0,1006.9,S001,Thiruvananthapuram
2025-05-29,26.8,24.8,32.6,90,3.0,9.3,1007.1,S001,Thiruvananthapuram
2025-05-30,24.3,23.4,30.6,96,39.9,5.9,1008.1,S001,Thiruvananthapuram
2025-05-31,25.4,22.8,27.9,93,52.1,4.5,1009.8,S001,Thiruvananthapuram
2025-06-01,28.3,25.0,32.2,87,7.9,5.2,1009.9,S001,Thiruvananthapuram
2025-06-02,28.3,25.4,32.8,85,0.5,3.5,1009.9,S001,Thiruvananthapuram
2025-06-03,28.2,24.6,33.1,85,5.1,4.0,1009.9,S001,Thiruvananthapuram
2025-06-04,27.2,24.4,32.7,87,7.1,2.7,1010.3,S001,Thiruvananthapuram
2025-06-05,28.8,24.7,33.4,82,2.0,2.9,1009.7,S001,Thiruvananthapuram
2025-06-06,28.9,25.4,34.2,81,0.0,3.6,1010.0,S001,Thiruvananthapuram
2025-06-07,28.9,26.0,32.6,81,0.2,3.6,1010.6,S001,Thiruvananthapuram
2025-06-08,28.9,26.1,32.8,81,0.1,6.2,1009.9,S001,Thiruvananthapuram
2025-06-09,28.4,24.0,33.7,81,0.8,6.3,1008.7,S001,Thiruvananthapuram
2025-06-10,27.3,25.6,33.2,87,0.0,5.4,1007.2,S001,Thiruvananthapuram
2025-06-11,26.2,24.2,32.2,92,9.9,4.4,1006.6,S001,Thiruvananthapuram
2025-06-12,27.0,23.5,31.4,91,27.9,6.5,1006.0,S001,Thiruvananthapuram
2025-06-13,26.1,24.6,31.3,94,21.1,7.9,1007.2,S001,Thiruvananthapuram
2025-06-14,25.8,23.8,29.8,94,65.0,4.4,1008.4,S001,Thiruvananthapuram
2025-06-15,24.6,23.2,30.1,97,43.9,5.5,1009.2,S001,Thiruvananthapuram
2025-06-16,25.4,22.6,29.4,92,42.9,6.2,1009.0,S001,Thiruvananthapuram
2025-06-17,27.1,23.0,30.8,88,10.9,4.5,1009.7,S001,Thiruvananthapuram
2025-06-18,27.3,24.2,31.2,86,4.1,4.1,1009.8,S001,Thiruvananthapuram
2025-06-19,27.5,24.8,31.8,86,5.1,5.2,1009.7,S001,Thiruvananthapuram
2025-06-20,27.8,24.6,31.1,84,3.0,5.2,1010.4,S001,Thiruvananthapuram
2025-06-21,28.1,24.6,32.0,86,2.0,7.7,1010.2,S001,Thiruvananthapuram
2025-06-22,27.7,25.4,31.3,84,4.1,4.6,1010.0,S001,Thiruvananthapuram
2025-06-23,27.3,23.8,32.2,84,2.0,4.8,1009.5,S001,Thiruvananthapuram
2025-06-24,28.1,25.8,30.9,87,0.0,5.5,1008.6,S001,Thiruvananthapuram
2025-06-25,27.9,26.2,31.6,90,6.1,4.9,1008.5,S001,Thiruvananthapuram
2025-06-26,24.9,23.8,31.6,94,13.0,2.7,1009.0,S001,Thiruvananthapuram
2025-06-27,27.5,23.2,31.2,85,25.9,4.5,1009.3,S001,Thiruvananthapuram
2025-06-28,27.1,24.8,32.1,84,0.0,4.0,1009.7,S001,Thiruvananthapuram
2025-06-29,27.2,22.0,32.2,85,16.0,4.8,1009.1,S001,Thiruvananthapuram
2025-06-30,27.9,23.2,32.7,82,0.0,7.0,1008.3,S001,Thiruvananthapuram
2025-07-01,27.4,24.7,32.3,83,0.3,6.3,1009.1,S001,Thiruvananthapuram
2025-07-02,27.1,23.4,31.6,83,1.0,5.5,1009.1,S001,Thiruvananthapuram
2025-07-03,27.3,23.6,32.4,82,0.3,6.0,1009.4,S001,Thiruvananthapuram
2025-07-04,27.8,23.2,32.5,82,0.0,5.3,1010.0,S001,Thiruvananthapuram
2025-07-05,28.2,24.6,33.1,77,0.0,5.9,1010.2,S001,Thiruvananthapuram
2025-07-06,27.2,23.2,33.6,84,0.8,5.8,1009.8,S001,Thiruvananthapuram
2025-07-07,27.9,24.8,32.6,85,10.9,6.5,1009.4,S001,Thiruvananthapuram
2025-07-08,28.3,24.9,32.3,83,1.0,8.5,1010.2,S001,Thiruvananthapuram
2025-07-09,28.3,25.6,32.4,80,0.0,9.3,1009.8,S001,Thiruvananthapuram
2025-07-10,28.7,25.2,32.8,79,0.0,8.9,1008.6,S001,Thiruvananthapuram
2025-07-11,28.0,25.2,33.2,82,0.0,9.7,1008.6,S001,Thiruvananthapuram
2025-07-12,27.0,23.5,32.6,84,9.9,7.6,1009.3,S001,Thiruvananthapuram
2025-07-13,27.1,23.8,32.7,85,0.3,6.0,1009.7,S001,Thiruvananthapuram
2025-07-14,26.5,22.8,31.7,87,2.0,5.9,1009.9,S001,Thiruvananthapuram
2025-07-15,25.8,22.4,32.2,89,3.0,6.7,1009.0,S001,Thiruvananthapuram
2025-07-16,25.2,22.9,31.1,92,8.9,6.0,1008.6,S001,Thiruvananthapuram
2025-07-17,25.4,23.0,28.7,90,6.1,6.3,1008.3,S001,Thiruvananthapuram
2025-07-18,25.7,23.6,29.2,89,3.0,6.2,1008.3,S001,Thiruvananthapuram
2025-07-19,25.0,22.6,29.9,93,39.9,9.2,1007.7,S001,Thiruvananthapuram
2025-07-20,24.3,23.1,28.2,95,5.1,4.9,1007.1,S001,Thiruvananthapuram
2025-07-21,25.5,22.8,29.6,92,30.0,5.5,1008.1,S001,Thiruvananthapuram
2025-07-22,26.0,23.2,30.0,91,0.8,5.7,1008.9,S001,Thiruvananthapuram
2025-07-23,25.1,22.6,29.8,91,9.9,6.3,1008.7,S001,Thiruvananthapuram
2025-07-24,24.5,22.7,30.0,93,6.1,4.5,1008.3,S001,Thiruvananthapuram
2025-07-25,25.1,22.5,30.4,92,17.0,5.1,1008.8,S001,Thiruvananthapuram
2025-07-26,24.5,21.6,31.0,93,27.9,4.3,1010.2,S001,Thiruvananthapuram
2025-07-27,27.3,23.4,31.4,84,4.1,7.2,1009.8,S001,Thiruvananthapuram
2025-07-28,28.2,24.2,32.4,78,0.0,8.9,1009.0,S001,Thiruvananthapuram
2025-07-29,27.7,24.0,32.4,80,0.3,9.5,1009.5,S001,Thiruvananthapuram
2025-07-30,27.6,25.0,31.4,82,0.0,8.8,1009.5,S001,Thiruvananthapuram
2025-07-31,27.0,23.8,32.4,85,3.0,6.6,1009.4,S001,Thiruvananthapuram
2025-08-01,27.1,24.3,31.2,84,2.0,6.2,1008.8,S001,Thiruvananthapuram
2025-08-02,26.4,23.9,31.4,87,1.0,7.8,1008.6,S001,Thiruvananthapuram
2025-08-03,23.9,23.0,31.5,90,0.0,6.4,1009.6,S001,Thiruvananthapuram
2025-08-04,26.5,22.8,30.2,84,8.9,8.0,1008.9,S001,Thiruvananthapuram
2025-08-05,26.2,23.4,30.9,87,13.0,8.6,1009.4,S001,Thiruvananthapuram
2025-08-06,26.8,23.8,31.0,82,0.5,8.4,1008.5,S001,Thiruvananthapuram
2025-08-07,26.7,23.8,31.6,84,0.0,7.8,1008.4,S001,Thiruvananthapuram
2025-08-08,27.2,24.4,30.7,83,4.5,5.8,1009.0,S001,Thiruvananthapuram
2025-08-09,27.0,24.6,30.8,86,1.7,4.1,1010.8,S001,Thiruvananthapuram
2025-08-10,26.8,24.9,29.6,87,1.8,3.6,1010.8,S001,Thiruvananthapuram
2025-08-11,26.3,24.6,30.6,89,0.5,3.0,1010.9,S001,Thiruvananthapuram
2025-08-12,26.9,24.5,30.4,88,0.3,5.7,1010.2,S001,Thiruvananthapuram
2025-08-13,26.2,24.1,30.7,88,0.0,5.8,1009.0,S001,Thiruvananthapuram
2025-08-14,26.3,23.4,29.9,90,10.9,5.2,1009.1,S001,Thiruvananthapuram
2025-08-15,26.9,23.4,30.4,89,24.9,6.9,1008.6,S001,Thiruvananthapuram
2025-08-16,25.8,23.8,30.6,89,1.0,6.9,1007.5,S001,Thiruvananthapuram
2025-08-17,26.7,23.4,30.5,91,21.1,6.5,1007.5,S001,Thiruvananthapuram
2025-08-18,27.3,25.3,30.2,88,1.0,8.3,1009.6,S001,Thiruvananthapuram
2025-08-19,27.6,24.8,31.2,82,0.3,9.3,1009.7,S001,Thiruvananthapuram
2025-08-20,27.5,25.0,32.1,80,0.0,7.2,1009.8,S001,Thiruvananthapuram
2025-08-21,27.4,23.6,31.8,78,0.2,8.0,1010.2,S001,Thiruvananthapuram
2025-08-22,27.6,25.1,31.6,81,0.3,8.2,1010.2,S001,Thiruvananthapuram
2025-08-23,27.7,24.8,31.6,82,0.2,7.1,1010.0,S001,Thiruvananthapuram
2025-08-24,27.8,24.4,31.8,81,0.7,6.5,1010.5,S001,Thiruvananthapuram
2025-08-25,28.0,24.5,32.7,79,0.0,7.6,1009.3,S001,Thiruvananthapuram
2025-08-26,27.4,24.9,30.9,82,1.7,7.6,1010.2,S001,Thiruvananthapuram
2025-08-27,26.6,24.7,29.2,84,8.1,7.2,1010.0,S001,Thiruvananthapuram
2025-08-28,26.3,23.9,29.5,88,16.0,6.7,1009.8,S001,Thiruvananthapuram
2025-08-29,26.3,24.6,29.1,89,17.7,5.2,1010.0,S001,Thiruvananthapuram
2025-08-30,26.4,24.6,29.2,89,5.7,5.8,1010.9,S001,Thiruvananthapuram
2025-08-31,26.8,24.3,30.1,86,4.3,7.6,1010.1,S001,Thiruvananthapuram
2025-09-01,27.0,24.8,30.1,85,3.9,8.6,1008.7,S001,Thiruvananthapuram
2025-09-02,27.5,25.3,30.8,83,1.0,8.3,1008.4,S001,Thiruvananthapuram
2025-09-03,27.3,25.0,30.5,84,2.0,8.4,1008.5,S001,Thiruvananthapuram
2025-09-04,27.3,24.4,30.8,83,0.4,6.2,1009.3,S001,Thiruvananthapuram
2025-09-05,27.5,24.5,31.2,81,0.2,6.6,1009.9,S001,Thiruvananthapuram
2025-09-06,27.8,24.8,31.5,81,0.3,5.7,1010.1,S001,Thiruvananthapuram
2025-09-07,27.8,24.9,31.3,82,1.0,7.1,1009.8,S001,Thiruvananthapuram
2025-09-08,28.0,24.9,31.7,80,0.0,7.2,1009.0,S001,Thiruvananthapuram
2025-09-09,28.4,25.0,32.5,80,0.5,6.2,1008.9,S001,Thiruvananthapuram
2025-09-10,28.0,25.4,31.4,82,0.6,4.1,1009.5,S001,Thiruvananthapuram
2025-09-11,28.0,25.3,31.5,82,0.5,5.8,1009.4,S001,Thiruvananthapuram
2025-09-12,28.0,24.8,32.9,80,0.0,7.2,1009.1,S001,Thiruvananthapuram
2025-09-13,28.2,24.8,31.9,80,0.1,5.7,1009.4,S001,Thiruvananthapuram
2025-09-14,28.0,25.0,31.4,80,0.0,3.8,1010.1,S001,Thiruvananthapuram
2025-09-15,28.0,25.3,31.4,80,3.9,6.2,1010.0,S001,Thiruvananthapuram
2025-09-16,27.8,25.2,31.5,81,0.8,4.4,1009.6,S001,Thiruvananthapuram
2025-09-17,27.1,25.1,29.9,84,1.9,4.3,1009.5,S001,Thiruvananthapuram
2025-09-18,27.2,24.8,30.3,83,0.8,4.9,1009.8,S001,Thiruvananthapuram
2025-09-19,27.3,25.0,30.6,84,0.3,3.3,1010.5,S001,Thiruvananthapuram
2025-09-20,28.0,25.0,32.3,82,1.6,4.1,1009.9,S001,Thiruvananthapuram
2025-09-21,27.8,25.2,30.9,81,0.5,4.9,1009.5,S001,Thiruvananthapuram
2025-09-22,27.7,25.3,31.5,82,0.5,3.9,1010.4,S001,Thiruvananthapuram
2025-09-23,27.3,24.9,30.6,84,8.8,4.3,1011.5,S001,Thiruvananthapuram
2025-09-24,27.0,24.6,30.7,86,7.2,4.6,1010.4,S001,Thiruvananthapuram
2025-09-25,25.9,24.3,28.2,93,14.1,3.7,1009.5,S001,Thiruvananthapuram
2025-09-26,25.5,24.0,28.0,93,15.5,3.8,1009.7,S001,Thiruvananthapuram
2025-09-27,26.4,23.5,30.0,88,5.2,3.8,1010.3,S001,Thiruvananthapuram
2025-09-28,26.8,24.3,30.0,89,8.3,4.3,1010.3,S001,Thiruvananthapuram
2025-09-29,27.4,24.9,30.5,86,7.0,5.9,1009.7,S001,Thiruvananthapuram
2025-09-30,27.8,25.1,31.1,84,0.2,5.6,1008.7,S001,Thiruvananthapuram
2025-10-01,27.8,24.9,31.1,84,1.9,6.2,1008.3,S001,Thiruvananthapuram
2025-10-02,27.9,24.8,31.4,83,0.5,4.7,1009.6,S001,Thiruvananthapuram
2025-10-03,28.3,25.3,31.8,82,0.1,5.5,1010.8,S001,Thiruvananthapuram
2025-10-04,28.2,25.5,31.9,84,1.0,3.1,1011.5,S001,Thiruvananthapuram
2025-10-05,27.8,25.6,31.3,83,6.8,3.8,1011.6,S001,Thiruvananthapuram
2025-10-06,27.9,25.0,31.3,81,0.2,4.8,1011.4,S001,Thiruvananthapuram
2025-10-07,28.0,25.0,31.7,78,0.1,5.8,1011.3,S001,Thiruvananthapuram
2025-10-08,27.8,24.9,31.7,80,0.9,2.9,1011.0,S001,Thiruvananthapuram
2025-10-09,27.8,24.6,31.7,82,0.9,2.8,1011.2,S001,Thiruvananthapuram
2025-10-10,27.8,24.7,31.7,82,0.9,2.4,1010.7,S001,Thiruvananthapuram
2025-10-11,28.0,24.8,31.7,82,0.4,3.4,1009.5,S001,Thiruvananthapuram
2025-10-12,27.5,25.4,31.0,86,5.5,1.7,1008.7,S001,Thiruvananthapuram
2025-10-13,27.3,24.2,31.0,87,7.3,2.6,1008.5,S001,Thiruvananthapuram
2025-10-14,26.7,24.7,30.2,89,22.1,2.2,1007.3,S001,Thiruvananthapuram
2025-10-15,26.8,24.5,30.0,89,7.3,1.4,1006.3,S001,Thiruvananthapuram
2025-10-16,26.6,24.9,29.2,90,15.1,0.9,1006.6,S001,Thiruvananthapuram
2025-10-17,26.5,24.8,29.0,91,4.8,1.6,1007.7,S001,Thiruvananthapuram
2025-10-18,27.0,24.6,30.5,89,23.8,1.7,1007.9,S001,Thiruvananthapuram
2025-10-19,26.3,24.1,29.2,91,12.0,1.5,1007.7,S001,Thiruvananthapuram
2025-10-20,26.5,24.8,29.5,91,13.4,1.6,1006.8,S001,Thiruvananthapuram
2025-10-21,25.5,24.0,27.5,93,20.0,1.2,1007.2,S001,Thiruvananthapuram
2025-10-22,25.9,24.4,28.6,92,29.9,1.7,1008.2,S001,Thiruvananthapuram
2025-10-23,25.4,24.0,28.2,94,48.2,2.5,1009.6,S001,Thiruvananthapuram
2025-10-24,25.2,23.8,27.4,95,29.3,2.5,1010.4,S001,Thiruvananthapuram
2025-10-25,26.0,23.9,28.7,92,5.8,2.1,1009.8,S001,Thiruvananthapuram
2025-10-26,27.2,24.3,30.6,86,1.1,2.7,1009.8,S001,Thiruvananthapuram
2025-10-27,26.1,23.1,28.6,90,12.8,3.4,1010.0,S001,Thiruvananthapuram
2025-10-28,25.9,23.7,28.5,92,24.6,4.9,1009.6,S001,Thiruvananthapuram
2025-10-29,27.0,24.7,30.2,88,23.2,4.9,1010.0,S001,Thiruvananthapuram
2025-10-30,27.8,24.4,31.9,83,0.0,4.1,1010.7,S001,Thiruvananthapuram
2025-10-31,28.3,24.8,32.6,79,0.0,4.1,1011.8,S001,Thiruvananthapuram
2025-11-01,28.0,24.0,32.3,79,0.0,5.5,1011.8,S001,Thiruvananthapuram
2025-11-02,27.6,23.9,32.1,79,0.0,5.7,1012.7,S001,Thiruvananthapuram
2025-11-03,27.5,24.0,31.7,79,0.0,4.8,1012.3,S001,Thiruvananthapuram
2025-11-04,27.4,24.7,31.0,82,0.0,5.7,1011.8,S001,Thiruvananthapuram
2025-11-05,27.0,24.5,30.8,84,7.7,6.5,1010.9,S001,Thiruvananthapuram
2025-11-06,27.3,24.0,31.7,82,0.0,5.9,1010.7,S001,Thiruvananthapuram
2025-11-07,27.4,23.8,31.3,80,1.9,4.6,1011.2,S001,Thiruvananthapuram
2025-11-08,27.6,24.5,31.6,80,1.8,5.2,1011.9,S001,Thiruvananthapuram
2025-11-09,26.7,24.5,30.5,85,3.0,1.7,1011.4,S001,Thiruvananthapuram
2025-11-10,26.2,22.8,30.0,86,18.8,1.6,1011.3,S001,Thiruvananthapuram
2025-11-11,26.4,24.6,30.2,87,20.1,1.1,1011.4,S001,Thiruvananthapuram
2025-11-12,27.0,24.5,30.4,86,5.2,1.3,1011.5,S001,Thiruvananthapuram
2025-11-13,26.6,23.6,29.7,87,7.3,0.8,1012.0,S001,Thiruvananthapuram
2025-11-14,26.3,24.6,29.2,89,8.2,1.1,1011.5,S001,Thiruvananthapuram
2025-11-15,26.6,24.0,30.1,86,1.0,1.4,1012.0,S001,Thiruvananthapuram
2025-11-16,27.1,24.2,30.5,85,5.0,1.1,1012.2,S001,Thiruvananthapuram
2025-11-17,26.4,24.6,28.8,88,19.5,0.9,1011.5,S001,Thiruvananthapuram
2025-11-18,25.2,24.0,27.6,94,15.2,1.1,1010.4,S001,Thiruvananthapuram
2025-11-19,26.3,23.6,29.9,89,6.2,1.0,1010.4,S001,Thiruvananthapuram
2025-11-20,27.1,23.7,31.4,85,4.6,1.5,1011.1,S001,Thiruvananthapuram
2025-11-21,27.2,24.7,31.2,86,11.8,1.5,1011.7,S001,Thiruvananthapuram
2025-11-22,26.3,24.4,29.3,92,10.2,1.0,1011.5,S001,Thiruvananthapuram
2025-11-23,25.6,24.0,28.2,93,21.8,1.1,1011.1,S001,Thiruvananthapuram
2025-11-24,25.6,23.8,28.0,92,4.5,1.1,1011.1,S001,Thiruvananthapuram
2025-11-25,25.7,23.7,28.4,88,9.7,1.3,1010.7,S001,Thiruvananthapuram
2025-11-26,26.0,23.6,28.8,85,17.4,2.0,1010.5,S001,Thiruvananthapuram
2025-11-27,26.2,23.5,29.3,82,2.3,1.9,1010.4,S001,Thiruvananthapuram
2025-11-28,26.3,23.3,30.0,80,0.0,2.4,1009.9,S001,Thiruvananthapuram
2025-11-29,26.2,22.9,30.3,81,1.8,2.4,1009.6,S001,Thiruvananthapuram
2025-11-30,26.2,23.1,29.6,83,0.0,2.3,1010.1,S001,Thiruvananthapuram
2025-12-01,26.5,23.4,30.4,83,0.0,2.1,1010.0,S001,Thiruvananthapuram
2025-12-02,26.6,23.5,30.4,83,0.0,2.2,1009.9,S001,Thiruvananthapuram
2025-12-03,26.7,23.4,30.4,85,0.0,2.6,1010.7,S001,Thiruvananthapuram
2025-12-04,27.4,24.3,31.4,82,0.0,1.7,1011.1,S001,Thiruvananthapuram
2025-12-05,27.4,24.4,30.6,83,0.0,1.1,1011.4,S001,Thiruvananthapuram
2025-12-06,27.3,24.5,30.8,82,0.0,0.9,1011.9,S001,Thiruvananthapuram
2025-12-07,27.3,24.1,30.8,83,0.0,0.8,1012.0,S001,Thiruvananthapuram
2025-12-08,27.6,24.5,31.8,80,0.0,1.4,1011.7,S001,Thiruvananthapuram
2025-12-09,27.1,23.3,31.4,79,0.0,1.8,1011.1,S001,Thiruvananthapuram
2025-12-10,27.3,24.6,31.1,78,0.0,1.7,1011.1,S001,Thiruvananthapuram
2025-12-11,27.5,24.5,31.8,74,0.0,1.7,1010.8,S001,Thiruvananthapuram
2025-12-12,27.4,24.1,31.6,77,0.0,1.7,1010.6,S001,Thiruvananthapuram
2025-12-13,27.4,24.1,31.8,78,0.0,1.5,1010.7,S001,Thiruvananthapuram
2025-12-14,27.0,23.3,31.7,76,0.0,1.4,1011.3,S001,Thiruvananthapuram
2025-12-15,26.5,22.7,31.4,74,0.0,1.5,1011.2,S001,Thiruvananthapuram
2025-12-16,26.4,22.5,31.2,76,0.0,1.7,1010.3,S001,Thiruvananthapuram
2025-12-17,27.2,24.1,30.9,82,0.0,1.3,1010.8,S001,Thiruvananthapuram
2025-12-18,27.4,24.1,31.5,76,0.0,1.8,1011.0,S001,Thiruvananthapuram
2025-12-19,27.0,23.4,31.8,74,0.0,1.4,1010.4,S001,Thiruvananthapuram
2025-12-20,26.2,21.6,31.4,73,0.0,1.8,1009.9,S001,Thiruvananthapuram
2025-12-21,26.3,21.5,31.5,72,0.0,1.8,1010.1,S001,Thiruvananthapuram
2025-12-22,26.5,22.3,31.4,75,0.0,1.7,1010.3,S001,Thiruvananthapuram
2025-12-23,26.5,22.0,31.5,74,0.0,1.6,1009.9,S001,Thiruvananthapuram
2025-12-24,26.8,22.7,31.7,77,0.0,1.7,1010.2,S001,Thiruvananthapuram
2025-12-25,26.6,22.4,31.0,76,0.0,1.8,1010.7,S001,Thiruvananthapuram
2025-12-26,26.7,22.5,31.4,76,0.0,1.6,1010.7,S001,Thiruvananthapuram
2025-12-27,26.9,22.8,31.7,75,0.0,1.8,1010.5,S001,Thiruvananthapuram
2025-12-28,27.1,23.1,31.7,76,0.0,1.4,1011.2,S001,Thiruvananthapuram
2025-12-29,27.1,23.2,31.8,77,0.0,1.4,1011.0,S001,Thiruvananthapuram
2025-12-30,27.5,23.8,32.0,78,0.0,2.5,1011.3,S001,Thiruvananthapuram
2025-12-31,27.4,24.3,31.5,80,0.0,3.5,1010.5,S001,Thiruvananthapuram
