date,temperature,min_temperature,max_temperature,humidity,rainfall,wind_speed,pressure
2024-02-01,29.1,25.8,33.0,73,0.0,7.8,1013.2
2024-02-02,29.1,26.0,33.0,75,1.9,5.9,1012.8
2024-02-03,29.7,27.0,33.0,73,0.2,6.6,1012.7
2024-02-04,29.1,26.0,32.0,72,0.0,4.4,1013.8
2024-02-05,28.7,26.0,32.0,73,0.0,4.5,1014.2
2024-02-06,28.2,24.0,33.0,69,0.0,6.1,1013.0
2024-02-07,28.5,24.0,32.0,71,0.0,5.7,1013.5
2024-02-08,28.3,24.0,31.0,70,0.0,5.4,1012.6
2024-02-09,28.3,24.0,32.0,70,0.0,5.4,1013.0
2024-02-10,28.8,25.0,33.0,65,0.0,6.4,1013.7
2024-02-11,29.0,25.0,32.0,70,0.0,6.3,1013.3
2024-02-12,29.0,26.0,32.0,71,0.0,6.2,1013.1
2024-02-13,29.4,26.0,33.0,68,0.0,7.4,1012.7
2024-02-14,29.4,26.0,33.0,75,0.0,4.9,1011.8
2024-02-15,29.3,25.0,33.0,69,0.0,5.8,1011.5
2024-02-16,29.6,26.0,33.0,70,0.0,6.2,1011.4
2024-02-17,29.7,27.0,33.0,74,0.0,5.5,1011.0
2024-02-18,29.8,26.0,33.0,73,0.0,7.2,1010.7
2024-02-19,29.4,26.0,33.0,71,0.0,6.7,1010.8
2024-02-20,29.4,26.0,33.0,72,0.0,6.5,1011.3
2024-02-21,29.8,26.0,33.0,72,0.0,5.9,1011.2
2024-02-22,29.8,28.0,32.0,73,0.7,10.8,1011.8
2024-02-23,29.5,26.0,32.0,72,0.0,9.9,1011.2
2024-02-24,29.8,27.0,32.0,71,0.9,11.7,1010.5
2024-02-25,29.7,26.2,33.4,71,0.0,5.2,1009.1
2024-02-26,30.3,26.0,35.0,65,0.0,7.8,1008.8
2024-02-27,30.6,27.0,34.0,64,0.1,5.9,1009.3
2024-02-28,30.0,26.0,33.0,58,0.0,6.6,1009.4
2024-02-29,30.0,26.0,33.0,62,0.0,7.0,1010.2
2024-03-01,29.6,26.0,33.0,58,0.0,4.4,1011.3
2024-03-02,29.9,26.0,33.0,63,0.0,7.2,1011.4
2024-03-03,29.8,26.0,34.0,60,0.0,5.0,1011.0
2024-03-04,30.0,26.0,34.0,68,0.5,5.2,1011.0
2024-03-05,29.7,24.9,34.0,71,0.0,7.7,1011.0
2024-03-06,29.8,27.0,33.0,70,1.6,12.9,1011.3
2024-03-07,30.0,27.0,33.0,70,0.9,7.4,1010.6
2024-03-08,30.1,28.0,33.0,70,5.2,7.9,1011.2
2024-03-09,30.2,27.0,33.0,70,0.4,7.7,1011.0
2024-03-10,30.5,28.0,34.0,68,0.0,5.0,1012.2
2024-03-11,30.3,27.0,34.0,69,1.1,5.5,1013.6
2024-03-12,30.3,26.0,33.0,65,0.0,6.0,1012.9
2024-03-13,30.3,27.0,34.0,68,0.0,8.1,1012.5
2024-03-14,30.6,28.0,33.0,69,0.2,14.3,1011.8
2024-03-15,30.4,28.0,34.0,70,1.1,14.6,1010.8
2024-03-16,30.5,28.0,33.0,70,0.0,9.5,1011.1
2024-03-17,30.2,27.0,33.0,71,0.2,8.8,1011.1
2024-03-18,30.2,27.0,34.0,72,1.3,6.4,1011.0
2024-03-19,30.4,26.0,34.0,67,0.6,5.5,1010.4
2024-03-20,30.0,26.0,33.0,63,0.3,5.5,1010.0
2024-03-21,30.7,27.0,35.0,66,1.0,8.6,1009.4
2024-03-22,30.4,25.0,34.0,71,3.1,7.0,1008.1
2024-03-23,30.3,24.2,34.0,75,46.0,5.7,1008.5
2024-03-24,30.6,26.1,34.0,68,0.0,5.8,1010.2
2024-03-25,30.1,26.0,33.0,69,0.0,6.6,1010.3
2024-03-26,30.4,26.0,34.0,69,0.2,7.2,1011.2
2024-03-27,30.5,27.1,34.0,70,3.2,6.1,1012.4
2024-03-28,30.7,26.0,34.0,68,2.4,6.3,1010.9
2024-03-29,30.1,25.0,34.0,68,5.7,6.1,1010.4
2024-03-30,31.2,28.0,34.0,68,2.0,6.0,1011.2
2024-03-31,31.3,28.0,34.0,66,0.4,5.3,1011.8
2024-04-01,31.0,28.0,34.0,69,1.6,9.1,1009.9
2024-04-02,30.7,28.0,34.0,72,7.3,8.5,1008.3
2024-04-03,30.6,27.4,34.2,73,2.0,7.2,1009.1
2024-04-04,30.2,26.1,34.1,74,0.0,6.6,1009.3
2024-04-05,30.8,27.1,34.4,72,17.0,9.7,1008.8
2024-04-06,31.4,27.2,34.4,70,0.0,9.0,1007.8
2024-04-07,31.5,29.0,34.0,70,0.5,9.7,1007.9
2024-04-08,31.8,29.0,34.0,70,0.4,7.7,1008.3
2024-04-09,31.6,29.0,34.0,69,0.3,7.4,1008.4
2024-04-10,31.5,28.0,35.0,65,0.4,6.9,1008.3
2024-04-11,31.2,27.0,35.0,67,2.4,6.1,1008.7
2024-04-12,29.0,25.0,34.8,78,27.9,5.5,1008.8
2024-04-13,30.3,26.5,34.0,74,29.0,6.0,1008.9
2024-04-14,30.8,26.2,34.0,72,2.0,6.5,1008.9
2024-04-15,31.6,26.5,34.0,66,0.0,6.3,1009.2
2024-04-16,30.8,28.0,34.0,72,7.2,8.7,1009.2
2024-04-17,31.0,28.0,34.0,71,1.3,6.5,1009.2
2024-04-18,31.3,28.9,34.6,73,3.5,9.3,1008.4
2024-04-19,30.7,27.0,34.7,76,4.1,11.7,1007.2
2024-04-20,31.3,27.2,34.7,72,9.9,13.8,1006.7
2024-04-21,31.4,27.6,35.3,69,0.0,10.4,1006.9
2024-04-22,31.6,27.3,35.3,69,0.0,12.8,1007.7
2024-04-23,30.4,26.9,35.0,72,1.6,9.6,1006.6
2024-04-24,30.1,25.6,35.2,72,3.0,6.0,1006.6
2024-04-25,31.6,25.2,34.4,71,2.0,5.8,1006.4
2024-04-26,32.1,27.6,35.0,70,0.0,5.3,1006.3
2024-04-27,32.0,29.0,35.0,70,0.7,5.3,1006.5
2024-04-28,32.4,28.3,35.0,69,0.0,6.0,1006.8
2024-04-29,31.9,30.0,35.0,70,8.7,5.8,1008.2
2024-04-30,30.1,28.0,35.2,75,0.0,7.1,1007.9
2024-05-01,31.0,27.0,34.0,72,1.9,11.2,1006.0
2024-05-02,32.3,28.5,35.6,72,0.0,10.3,1006.1
2024-05-03,32.6,31.0,35.0,68,1.3,11.7,1007.2
2024-05-04,32.5,30.0,35.3,69,2.0,11.3,1007.7
2024-05-05,31.8,29.1,36.0,70,0.0,15.5,1007.1
2024-05-06,32.0,30.0,35.0,66,1.2,14.2,1007.6
2024-05-07,31.7,29.0,35.0,66,0.2,11.6,1008.6
2024-05-08,31.6,29.0,35.0,68,14.9,8.3,1007.5
2024-05-09,31.1,25.6,36.7,72,4.1,7.4,1006.9
2024-05-10,30.4,26.6,35.0,71,0.3,7.8,1007.8
2024-05-11,30.1,26.2,35.0,73,0.0,5.1,1008.8
2024-05-12,29.4,26.0,35.0,77,22.1,8.3,1008.8
2024-05-13,28.9,25.2,34.2,78,7.1,5.6,1007.8
2024-05-14,29.3,25.6,33.3,76,0.8,5.6,1008.2
2024-05-15,28.4,26.7,32.7,79,0.5,4.2,1008.1
2024-05-16,27.7,25.0,33.5,84,9.9,4.0,1008.5
2024-05-17,28.1,24.1,33.0,81,49.0,3.5,1007.6
2024-05-18,28.2,24.8,32.0,80,10.9,8.1,1006.1
2024-05-19,27.8,24.0,31.7,80,132.1,10.8,1005.3
2024-05-20,26.6,23.2,31.4,84,46.0,10.5,1005.3
2024-05-21,27.4,25.2,31.6,84,61.0,12.0,1004.4
2024-05-22,27.5,25.1,32.0,83,56.9,7.9,1003.7
2024-05-23,27.9,25.1,30.9,84,31.0,10.6,1003.3
2024-05-24,28.1,26.0,30.6,82,45.0,14.8,1003.4
2024-05-25,27.1,24.1,31.0,81,14.0,14.1,1005.5
2024-05-26,26.4,23.4,30.6,83,21.1,10.0,1006.7
2024-05-27,27.8,25.0,31.2,81,17.0,12.1,1006.7
2024-05-28,26.8,24.0,31.2,84,67.1,15.4,1007.5
2024-05-29,26.1,24.3,29.0,89,8.9,7.6,1006.9
2024-05-30,27.2,24.2,29.3,87,70.1,15.9,1007.1
2024-05-31,28.4,25.1,31.4,82,0.5,17.1,1006.3
2024-06-01,28.9,25.5,32.3,80,0.0,15.3,1006.5
2024-06-02,27.8,26.0,32.3,80,0.3,11.7,1007.2
2024-06-03,28.2,25.3,31.0,80,0.0,8.4,1007.9
2024-06-04,29.4,27.0,32.0,78,4.5,6.4,1008.7
2024-06-05,29.7,26.5,32.5,78,0.0,5.5,1009.2
2024-06-06,28.4,25.6,32.0,82,7.1,4.8,1009.5
2024-06-07,27.9,25.3,32.0,83,15.0,6.9,1008.7
2024-06-08,27.6,26.0,31.6,84,43.9,7.6,1008.7
2024-06-09,28.5,24.1,31.2,82,5.1,9.4,1009.1
2024-06-10,28.9,25.1,32.6,80,9.9,9.9,1009.5
2024-06-11,29.1,24.8,32.6,79,1.0,8.6,1009.8
2024-06-12,29.2,28.0,31.0,78,0.0,10.5,1010.4
2024-06-13,29.2,26.3,32.0,79,2.0,7.1,1009.9
2024-06-14,29.3,26.0,32.6,80,0.5,11.3,1008.4
2024-06-15,29.0,27.0,32.6,79,0.0,8.9,1008.3
2024-06-16,29.3,25.1,32.2,78,3.0,7.9,1008.2
2024-06-17,29.9,26.5,32.4,76,0.0,5.1,1008.4
2024-06-18,28.7,26.4,33.0,81,0.0,3.9,1008.5
2024-06-19,27.0,25.0,32.0,86,6.1,2.8,1008.1
2024-06-20,26.4,24.0,31.5,87,58.9,6.1,1007.9
2024-06-21,26.9,24.7,31.5,87,21.1,10.6,1008.0
2024-06-22,26.8,23.6,30.7,88,38.1,10.8,1006.4
2024-06-23,27.6,24.4,30.7,82,15.0,12.0,1006.4
2024-06-24,26.4,24.1,31.0,86,19.1,10.7,1006.1
2024-06-25,26.3,23.6,30.9,90,39.1,9.3,1006.8
2024-06-26,25.9,23.6,30.0,89,23.9,10.4,1007.1
2024-06-27,26.4,23.6,30.3,86,37.1,7.6,1007.8
2024-06-28,28.4,24.1,31.2,81,9.9,6.7,1008.1
2024-06-29,28.2,24.3,31.6,84,4.1,8.5,1008.3
2024-06-30,28.8,24.6,32.1,80,1.0,9.7,1008.9
2024-07-01,26.6,25.8,32.1,84,7.9,10.4,1009.4
2024-07-02,28.2,24.2,31.7,79,4.1,11.5,1007.8
2024-07-03,28.3,24.8,31.7,82,2.0,9.8,1008.3
2024-07-04,28.8,25.5,31.6,80,0.0,11.1,1008.5
2024-07-05,27.9,26.0,31.6,81,0.0,10.8,1008.0
2024-07-06,27.3,22.9,31.5,82,3.0,8.3,1007.5
2024-07-07,28.6,25.0,32.0,79,0.0,10.1,1007.0
2024-07-08,26.9,23.3,32.0,82,1.0,14.8,1007.3
2024-07-09,27.4,24.5,31.1,82,0.0,10.4,1007.9
2024-07-10,27.9,24.5,31.3,81,7.9,11.7,1010.1
2024-07-11,28.3,25.1,33.0,81,0.0,13.9,1008.9
2024-07-12,27.6,25.0,33.0,83,0.3,12.3,1008.0
2024-07-13,26.1,24.0,31.6,86,5.1,8.9,1008.2
2024-07-14,27.1,24.9,30.0,82,23.9,15.7,1006.7
2024-07-15,25.1,23.7,31.8,87,23.9,7.6,1007.4
2024-07-16,27.1,23.3,30.6,84,20.1,15.2,1007.5
2024-07-17,25.9,24.0,30.6,87,4.1,12.1,1008.3
2024-07-18,26.9,23.8,30.0,84,8.9,14.9,1008.6
2024-07-19,27.8,24.5,31.0,82,2.0,13.8,1007.3
2024-07-20,28.2,26.0,31.5,82,0.0,12.4,1007.5
2024-07-21,28.1,26.0,31.0,82,0.7,9.3,1008.3
2024-07-22,26.9,23.9,31.4,86,23.1,7.4,1009.8
2024-07-23,28.3,25.1,31.6,82,4.1,10.8,1010.2
2024-07-24,28.3,25.5,31.9,83,0.0,13.0,1008.3
2024-07-25,27.8,25.0,31.9,82,4.1,12.3,1007.4
2024-07-26,27.9,25.0,31.9,83,0.0,14.0,1007.7
2024-07-27,28.2,25.7,32.3,83,4.1,17.3,1007.6
2024-07-28,27.1,26.0,30.8,83,3.0,13.4,1007.0
2024-07-29,25.7,24.0,29.7,87,48.0,7.0,1006.3
2024-07-30,26.4,24.0,30.5,86,0.0,13.1,1008.6
2024-07-31,27.1,24.5,31.2,83,0.5,11.5,1009.8
2024-08-01,27.4,23.8,31.2,84,0.0,9.6,1009.6
2024-08-02,27.4,24.5,31.8,82,6.1,14.6,1009.4
2024-08-03,27.8,24.6,31.8,80,4.1,14.8,1009.7
2024-08-04,27.9,24.8,33.0,76,0.0,18.0,1009.5
2024-08-05,27.5,25.0,31.0,78,0.5,14.0,1009.7
2024-08-06,27.1,25.0,31.5,81,0.0,17.6,1008.3
2024-08-07,27.2,25.0,30.0,82,0.3,15.3,1008.4
2024-08-08,27.6,26.0,31.0,79,6.7,15.9,1009.8
2024-08-09,27.2,25.0,30.0,80,0.0,14.5,1009.6
2024-08-10,27.6,25.3,30.2,81,0.0,15.3,1009.6
2024-08-11,28.2,25.1,31.3,80,0.0,17.4,1007.0
2024-08-12,27.8,26.0,31.0,84,17.7,15.8,1005.6
2024-08-13,27.3,26.0,31.2,84,5.1,11.7,1005.7
2024-08-14,27.2,23.8,31.2,85,45.0,10.7,1006.3
2024-08-15,27.3,25.0,30.8,85,0.0,8.5,1005.2
2024-08-16,27.4,24.6,30.6,86,6.1,12.0,1005.2
2024-08-17,27.1,24.8,30.6,84,7.9,10.4,1006.8
2024-08-18,27.7,24.4,30.6,83,7.9,9.5,1007.0
2024-08-19,27.9,25.5,30.6,84,0.0,7.6,1007.0
2024-08-20,28.3,26.0,31.0,83,8.9,5.2,1007.0
2024-08-21,26.6,23.6,31.0,84,6.1,9.9,1009.5
2024-08-22,27.4,23.8,31.0,83,5.1,8.3,1009.8
2024-08-23,28.3,25.1,31.0,81,0.5,4.8,1010.7
2024-08-24,28.3,24.8,31.0,79,1.0,8.6,1011.8
2024-08-25,28.6,25.6,31.6,79,0.0,9.7,1011.5
2024-08-26,28.9,27.0,31.0,78,4.0,10.5,1010.8
2024-08-27,28.7,26.0,32.1,78,5.1,9.1,1011.2
2024-08-28,28.6,27.0,31.8,81,4.1,11.8,1011.1
2024-08-29,28.9,25.9,32.1,79,4.1,12.8,1010.0
2024-08-30,26.3,23.6,32.1,84,17.0,8.4,1009.9
2024-08-31,27.6,24.9,32.4,82,39.1,13.4,1010.0
2024-09-01,26.9,24.6,31.2,85,6.1,12.0,1009.9
2024-09-02,27.8,24.5,30.8,84,15.0,12.6,1009.8
2024-09-03,27.6,24.6,30.8,82,9.9,7.5,1010.0
2024-09-04,28.1,24.6,31.1,82,7.9,14.7,1009.7
2024-09-05,28.2,25.3,31.1,82,0.0,15.3,1008.4
2024-09-06,28.2,26.0,31.0,81,0.4,15.4,1009.1
2024-09-07,28.3,25.3,31.4,80,0.5,15.6,1009.8
2024-09-08,27.7,25.6,31.3,83,2.0,8.5,1010.6
2024-09-09,28.3,24.9,31.2,84,9.9,9.9,1009.0
2024-09-10,28.4,25.0,31.7,81,3.0,10.4,1008.8
2024-09-11,27.9,24.6,31.7,83,1.0,9.1,1009.7
2024-09-12,28.1,24.7,31.3,83,9.9,10.4,1010.0
2024-09-13,29.2,25.6,31.3,83,7.1,11.2,1009.5
2024-09-14,28.3,27.0,32.0,79,0.0,13.7,1009.1
2024-09-15,28.6,25.3,31.8,79,0.3,14.2,1009.2
2024-09-16,28.4,25.4,31.8,82,1.0,12.8,1009.6
2024-09-17,28.9,25.4,32.0,79,0.0,16.9,1009.2
2024-09-18,28.6,26.0,32.0,79,0.0,16.2,1007.6
2024-09-19,28.6,25.1,32.9,80,0.0,12.3,1008.3
2024-09-20,28.6,25.1,32.7,80,0.0,11.3,1008.3
2024-09-21,28.8,26.0,32.0,78,0.0,14.7,1008.4
2024-09-22,28.2,25.0,32.0,80,3.4,13.1,1007.9
2024-09-23,27.9,24.3,32.5,82,17.0,12.8,1007.9
2024-09-24,27.9,24.8,31.2,82,2.0,12.4,1007.4
2024-09-25,27.8,25.0,31.0,83,4.1,12.3,1007.3
2024-09-26,28.3,24.6,32.1,82,2.0,15.2,1007.1
2024-09-27,28.4,24.2,32.1,80,0.3,15.5,1008.6
2024-09-28,27.9,25.7,33.0,83,0.0,12.1,1008.5
2024-09-29,28.4,25.0,34.0,82,5.1,7.2,1008.7
2024-09-30,28.7,24.2,32.0,80,9.9,5.0,1008.8
2024-10-01,28.8,25.6,32.0,83,0.3,6.2,1008.1
2024-10-02,27.3,26.0,31.8,86,3.0,5.6,1009.5
2024-10-03,28.4,23.2,32.0,80,64.0,5.2,1009.8
2024-10-04,28.6,26.0,32.0,82,1.0,5.3,1009.6
2024-10-05,28.7,24.9,32.7,82,22.1,5.8,1009.4
2024-10-06,28.2,26.0,31.6,81,0.0,5.0,1009.1
2024-10-07,26.6,23.4,31.0,85,32.0,7.0,1010.8
2024-10-08,29.1,24.3,32.0,79,22.1,3.6,1010.5
2024-10-09,27.9,25.0,33.0,83,0.0,6.5,1009.3
2024-10-10,27.4,25.0,31.6,82,22.1,8.0,1008.6
2024-10-11,25.9,24.0,32.0,86,3.0,8.0,1008.3
2024-10-12,27.6,22.4,30.0,83,112.0,8.0,1009.0
2024-10-13,28.8,24.9,32.1,79,0.0,6.6,1008.8
2024-10-14,28.2,25.6,32.1,80,0.0,6.7,1008.7
2024-10-15,28.3,26.0,31.0,80,2.6,6.6,1008.6
2024-10-16,28.2,25.1,31.6,79,0.0,10.8,1008.7
2024-10-17,29.2,24.8,32.0,80,0.0,7.8,1008.6
2024-10-18,29.2,27.0,33.0,78,0.0,7.7,1008.9
2024-10-19,28.5,24.6,32.6,82,6.1,7.4,1009.8
2024-10-20,29.0,25.0,32.2,80,6.1,7.4,1010.0
2024-10-21,29.2,25.2,32.0,79,0.0,6.2,1010.1
2024-10-22,29.2,27.0,32.0,81,5.0,5.2,1010.0
2024-10-23,28.1,24.1,32.0,82,3.0,5.8,1010.0
2024-10-24,27.4,24.1,32.0,86,9.9,4.3,1010.3
2024-10-25,25.4,24.0,30.6,90,35.1,6.1,1010.7
2024-10-26,27.6,24.0,30.0,84,57.9,6.5,1010.3
2024-10-27,27.9,24.2,31.0,83,11.9,7.4,1009.2
2024-10-28,28.9,24.6,32.2,79,0.3,9.2,1008.5
2024-10-29,28.9,25.1,32.2,80,0.0,9.2,1009.2
2024-10-30,29.3,26.0,32.0,79,0.0,10.5,1009.2
2024-10-31,29.1,27.0,33.0,82,1.3,5.6,1010.0
2024-11-01,28.1,23.4,32.0,82,7.9,7.5,1010.8
2024-11-02,26.3,24.0,32.2,85,1.0,4.5,1011.0
2024-11-03,28.1,22.8,32.0,82,55.1,4.6,1010.7
2024-11-04,27.0,24.4,32.0,84,0.8,4.4,1010.2
2024-11-05,26.7,24.0,32.0,81,7.9,6.0,1010.5
2024-11-06,28.4,20.9,32.0,81,30.0,6.4,1010.5
2024-11-07,28.9,25.3,32.0,80,0.0,8.5,1010.1
2024-11-08,27.2,24.3,32.5,88,22.1,4.7,1010.2
2024-11-09,28.8,24.2,31.8,82,5.1,5.2,1009.9
2024-11-10,29.1,24.9,32.3,81,0.0,5.9,1009.8
2024-11-11,29.2,25.0,32.0,77,0.0,6.4,1009.3
2024-11-12,29.1,26.0,32.0,80,1.9,7.0,1008.5
2024-11-13,29.2,26.0,32.0,80,2.2,5.0,1007.3
2024-11-14,28.3,25.4,32.4,83,3.0,6.4,1008.7
2024-11-15,27.4,25.2,32.2,87,5.1,3.1,1009.4
2024-11-16,28.2,24.7,32.0,85,3.0,4.0,1008.4
2024-11-17,29.0,25.0,33.0,81,0.3,5.8,1008.0
2024-11-18,29.5,26.0,33.0,74,5.8,5.6,1008.4
2024-11-19,28.5,26.0,31.0,77,6.8,3.4,1009.2
2024-11-20,26.3,24.0,28.0,83,11.5,6.7,1009.4
2024-11-21,27.4,26.0,31.0,83,3.3,5.4,1009.6
2024-11-22,28.3,25.0,32.0,82,11.4,4.4,1009.0
2024-11-23,28.9,26.0,32.0,82,3.4,3.7,1009.7
2024-11-24,29.0,26.0,32.0,81,0.6,3.8,1009.5
2024-11-25,28.8,26.0,32.0,80,2.2,4.9,1008.6
2024-11-26,26.8,24.6,31.9,85,2.0,4.2,1008.3
2024-11-27,26.9,24.6,29.5,86,2.0,4.1,1007.1
2024-11-28,28.4,24.7,31.0,81,0.5,6.4,1006.9
2024-11-29,29.1,26.1,32.0,82,0.0,9.3,1006.8
2024-11-30,28.9,26.0,32.0,80,0.2,13.6,1006.7
2024-12-01,29.4,28.0,32.0,77,8.4,19.6,1005.9
2024-12-02,28.7,27.0,31.7,79,0.0,17.2,1006.4
2024-12-03,28.9,24.3,32.8,76,0.0,7.7,1008.3
2024-12-04,29.1,27.0,33.0,79,2.8,5.6,1009.0
2024-12-05,28.2,26.0,32.0,84,2.5,6.5,1009.7
2024-12-06,28.9,24.2,32.0,80,2.0,6.2,1009.6
2024-12-07,29.1,24.7,33.0,81,0.0,8.0,1009.7
2024-12-08,29.2,25.4,33.0,81,2.0,5.8,1010.0
2024-12-09,28.9,24.8,32.0,80,0.0,5.1,1009.9
2024-12-10,28.9,26.0,32.0,80,,7.6,1009.6
2024-12-11,29.3,25.0,33.0,80,,5.2,1009.5
2024-12-12,26.3,25.0,32.7,84,0.0,6.5,1009.0
2024-12-13,27.9,24.2,31.0,82,10.9,5.9,1008.9
2024-12-14,26.4,24.0,30.7,86,7.9,5.1,1010.0
2024-12-15,28.6,23.0,33.0,78,2.0,4.9,1010.1
2024-12-16,28.6,22.7,33.0,72,0.0,4.1,1009.8
2024-12-17,28.9,24.5,32.2,78,0.0,5.2,1009.4
2024-12-18,28.3,24.6,32.2,79,0.0,7.9,1008.9
2024-12-19,29.2,26.0,33.0,78,0.7,7.9,1008.8
2024-12-20,29.6,26.0,33.0,77,4.7,7.4,1008.8
2024-12-21,29.0,26.0,33.0,77,1.1,15.3,1009.1
2024-12-22,28.9,26.0,34.0,77,0.5,14.3,1009.9
2024-12-23,28.6,25.0,33.0,72,0.0,9.8,1010.3
2024-12-24,28.2,25.0,32.0,71,0.0,9.3,1010.2
2024-12-25,27.8,23.0,32.0,74,0.0,10.5,1011.1
2024-12-26,28.6,25.0,32.0,75,0.1,9.1,1012.0
2024-12-27,29.1,26.0,32.0,77,1.4,6.6,1012.5
2024-12-28,29.3,26.0,33.0,71,0.1,6.4,1011.8
2024-12-29,29.3,27.0,32.0,75,0.0,5.3,1011.6
2024-12-30,29.1,27.0,33.0,76,2.8,6.3,1011.2
2024-12-31,29.8,25.8,33.0,73,0.8,7.0,1010.6
2025-01-01,29.6,25.0,33.0,60,0.0,6.0,1009.4
2025-01-02,28.7,24.0,32.0,67,0.0,6.8,1009.9
2025-01-03,29.0,26.0,33.0,68,0.0,5.6,1009.9
2025-01-04,29.2,26.0,33.0,67,0.0,5.3,1009.8
2025-01-05,28.7,23.8,33.5,74,2.0,4.9,1010.4
2025-01-06,28.8,23.6,33.0,71,0.0,5.7,1010.2
2025-01-07,28.2,24.0,32.0,72,0.0,5.4,1010.2
2025-01-08,28.6,24.0,32.0,74,0.1,4.7,1009.8
2025-01-09,28.9,25.0,33.0,68,0.0,5.8,1010.1
2025-01-10,28.9,25.0,32.0,73,0.0,7.2,1011.1
2025-01-11,28.6,24.0,33.0,76,4.1,7.6,1011.4
2025-01-12,28.1,23.4,33.0,81,38.1,3.6,1011.1
2025-01-13,29.6,24.5,33.0,77,0.0,5.2,1009.4
2025-01-14,29.1,26.0,32.0,74,6.8,5.4,1010.2
2025-01-15,29.7,26.0,33.0,68,2.4,5.6,1010.4
2025-01-16,29.8,26.0,34.0,65,0.0,5.8,1010.2
2025-01-17,29.6,26.0,33.0,65,0.0,6.4,1008.9
2025-01-18,29.0,26.0,32.0,64,2.1,5.6,1008.8
2025-01-19,28.1,25.3,32.6,75,0.0,3.5,1009.4
2025-01-20,29.6,25.6,33.0,74,0.5,3.8,1008.9
2025-01-21,29.7,25.7,33.2,69,0.0,5.8,1008.6
2025-01-22,29.1,26.0,32.0,75,0.3,4.6,1008.6
2025-01-23,29.5,26.0,32.0,77,1.2,5.2,1008.4
2025-01-24,29.8,27.0,33.0,73,0.0,5.5,1007.9
2025-01-25,29.4,26.0,33.0,71,0.1,4.9,1008.5
2025-01-26,29.4,26.0,33.0,69,0.0,5.6,1008.5
2025-01-27,28.8,25.0,34.0,61,0.0,5.4,1008.4
2025-01-28,27.9,24.0,32.0,77,0.0,5.1,1009.6
2025-01-29,28.5,26.0,31.0,76,0.0,4.2,1009.6
2025-01-30,29.0,26.0,32.0,72,1.3,4.5,1009.5
2025-01-31,29.5,27.0,33.0,78,4.3,6.6,1009.0
2025-02-01,29.4,25.1,33.0,80,1.0,6.2,1009.6
2025-02-02,29.5,25.0,34.0,75,0.0,5.4,1009.6
2025-02-03,29.3,26.0,32.0,77,0.9,5.2,1010.9
2025-02-04,28.8,24.2,32.4,76,0.0,7.6,1010.6
2025-02-05,28.7,25.0,32.0,70,0.0,6.7,1009.7
2025-02-06,28.7,25.0,32.0,69,0.0,6.0,1009.2
2025-02-07,28.7,24.0,33.0,67,0.0,5.1,1010.5
2025-02-08,29.0,24.0,33.0,58,0.0,6.5,1010.3
2025-02-09,28.5,24.0,32.0,68,0.0,6.9,1009.8
2025-02-10,28.6,24.0,33.0,62,0.0,5.7,1011.0
2025-02-11,28.9,25.0,33.0,66,0.0,5.3,1011.6
2025-02-12,28.8,25.0,32.0,72,0.0,5.5,1011.2
2025-02-13,28.9,25.0,33.0,74,0.0,4.8,1011.4
2025-02-14,28.7,25.0,33.0,74,0.0,5.4,1011.4
2025-02-15,28.6,25.0,32.0,72,0.0,6.7,1010.2
2025-02-16,28.5,25.0,33.0,71,0.0,6.5,1010.2
2025-02-17,28.6,25.0,32.0,75,0.0,5.5,1011.8
2025-02-18,28.7,25.0,33.0,71,0.0,4.9,1012.0
2025-02-19,28.4,24.0,33.0,75,0.0,5.7,1010.7
2025-02-20,28.9,26.0,32.0,72,0.0,7.3,1011.1
2025-02-21,28.8,25.0,32.0,74,0.0,5.1,1011.8
2025-02-22,29.0,25.0,33.0,73,0.0,5.5,1012.8
2025-02-23,29.1,25.0,32.0,76,0.0,4.3,1012.5
2025-02-24,29.3,26.0,33.0,73,0.0,8.3,1011.5
2025-02-25,29.5,24.0,33.0,66,0.0,6.9,1012.0
2025-02-26,30.4,28.0,34.0,69,3.2,6.2,1011.7
2025-02-27,30.4,26.0,34.0,68,0.1,5.8,1010.3
2025-02-28,29.9,27.0,33.0,72,1.1,5.7,1009.6
2025-03-01,29.4,26.2,33.3,77,6.1,4.5,1009.0
2025-03-02,26.4,25.0,32.7,86,0.5,6.2,1009.2
2025-03-03,29.2,23.8,33.0,80,71.9,6.2,1009.2
2025-03-04,29.6,24.7,34.0,78,0.0,5.6,1009.3
2025-03-05,29.7,26.0,33.0,79,0.0,6.0,1010.0
2025-03-06,30.2,27.0,33.0,78,2.3,8.6,1010.7
2025-03-07,30.2,27.0,33.0,77,2.6,6.9,1009.5
2025-03-08,30.2,26.7,33.0,79,2.0,10.3,1008.5
2025-03-09,29.6,28.0,33.0,78,0.0,7.0,1007.9
2025-03-10,29.7,25.0,33.0,59,0.0,6.7,1009.0
2025-03-11,29.9,29.0,32.0,73,16.8,5.7,1008.9
2025-03-12,28.4,27.0,32.5,73,0.0,5.0,1009.7
2025-03-13,29.6,24.2,33.0,76,0.0,8.3,1009.6
2025-03-14,30.3,28.0,33.0,77,0.4,8.8,1009.8
2025-03-15,30.2,27.0,33.0,76,,6.6,1010.4
2025-03-16,29.9,28.0,33.0,76,,6.2,1010.8
2025-03-17,29.4,25.9,34.0,76,,9.1,1010.3
2025-03-18,29.6,25.0,34.0,79,0.5,7.7,1010.4
2025-03-19,29.5,23.2,33.4,82,70.1,6.7,1011.3
2025-03-20,30.7,26.1,33.0,78,0.0,6.3,1012.0
2025-03-21,30.1,26.1,33.0,78,,6.7,1012.2
2025-03-22,29.4,28.0,33.0,78,4.5,5.0,1012.1
2025-03-23,29.8,25.2,32.6,78,0.0,6.1,1011.7
2025-03-24,30.0,26.0,33.0,79,3.1,6.0,1010.7
2025-03-25,30.9,28.0,34.0,74,1.9,5.8,1008.8
2025-03-26,30.8,26.1,34.0,73,0.0,7.1,1008.2
2025-03-27,30.4,28.0,34.0,74,2.0,8.9,1008.0
2025-03-28,30.6,28.0,34.0,73,3.1,11.2,1007.2
2025-03-29,30.8,26.2,34.4,76,0.5,12.2,1007.0
2025-03-30,31.1,26.6,34.6,76,0.0,8.6,1008.1
2025-03-31,31.0,28.0,34.0,76,2.3,6.8,1008.2
2025-04-01,30.3,28.0,34.0,76,2.2,7.2,1007.6
2025-04-02,30.3,25.4,33.0,74,1.0,8.6,1008.4
2025-04-03,29.8,26.1,34.0,75,0.0,6.5,1010.2
2025-04-04,28.4,25.0,34.0,78,0.8,7.8,1010.7
2025-04-05,29.2,24.5,33.0,79,10.9,6.2,1010.0
2025-04-06,29.5,27.0,34.0,75,0.0,8.2,1008.8
2025-04-07,30.7,25.6,34.0,78,8.9,6.1,1008.4
2025-04-08,30.4,27.0,34.0,78,0.0,7.8,1009.5
2025-04-09,30.4,26.1,34.0,74,0.0,7.5,1009.4
2025-04-10,29.4,26.0,33.4,78,0.8,7.6,1008.5
2025-04-11,30.3,25.1,34.0,77,0.5,10.2,1008.2
2025-04-12,27.4,22.8,34.0,82,63.0,7.2,1009.1
2025-04-13,30.0,25.6,33.0,77,0.0,13.5,1008.7
2025-04-14,29.9,27.0,33.0,77,8.6,11.3,1008.2
2025-04-15,30.6,25.5,34.0,73,1.0,9.2,1008.3
2025-04-16,30.9,27.2,33.6,77,0.0,9.9,1008.9
2025-04-17,30.3,28.0,33.0,76,,8.0,1008.2
2025-04-18,30.4,28.0,33.4,78,,7.5,1008.3
2025-04-19,30.7,28.0,33.0,77,,11.0,1007.9
2025-04-20,30.8,28.0,33.0,76,,12.6,1008.1
2025-04-21,30.7,28.0,34.0,74,0.0,12.7,1009.0
2025-04-22,29.4,26.0,34.2,77,0.0,10.3,1010.3
2025-04-23,29.3,24.0,33.6,80,45.0,9.2,1009.6
2025-04-24,30.3,26.5,34.0,79,2.0,9.6,1008.0
2025-04-25,29.3,27.1,33.6,83,0.5,11.1,1008.0
2025-04-26,29.0,27.0,33.0,83,3.0,8.7,1007.8
2025-04-27,29.2,25.2,33.0,80,23.1,6.3,1008.4
2025-04-28,29.2,26.2,33.0,81,0.0,4.6,1007.6
2025-04-29,30.2,25.6,34.0,78,2.0,6.6,1007.1
2025-04-30,30.1,26.9,33.0,78,0.3,5.2,1008.1
2025-05-01,30.9,26.6,34.0,78,0.0,6.7,1008.9
2025-05-02,29.2,24.0,34.0,82,5.1,7.7,1009.2
2025-05-03,29.9,22.4,34.0,78,87.1,8.9,1008.7
2025-05-04,30.8,26.8,34.0,77,0.0,15.4,1007.3
2025-05-05,30.8,29.0,34.0,76,3.9,8.9,1007.4
2025-05-06,30.5,28.0,33.0,76,4.3,13.5,1008.0
2025-05-07,29.5,25.0,33.0,79,3.1,11.9,1007.6
2025-05-08,29.7,23.7,34.3,78,6.1,10.3,1008.1
2025-05-09,30.1,26.1,34.0,75,0.0,15.6,1008.2
2025-05-10,30.2,28.0,33.0,76,0.0,14.5,1008.6
2025-05-11,30.2,27.0,33.0,76,0.1,13.3,1008.3
2025-05-12,30.1,26.3,34.0,78,0.0,12.0,1007.2
2025-05-13,29.7,25.6,34.0,79,3.0,12.0,1006.8
2025-05-14,30.2,26.1,33.4,77,0.0,14.8,1007.2
2025-05-15,30.7,29.0,34.0,76,1.3,11.9,1007.5
2025-05-16,30.5,28.0,33.0,76,0.8,10.8,1007.4
2025-05-17,28.7,25.7,34.1,83,8.9,8.8,1007.3
2025-05-18,28.2,26.0,33.0,83,6.1,9.8,1006.2
2025-05-19,28.2,26.0,33.0,83,2.0,5.7,1005.4
2025-05-20,28.9,23.8,32.0,82,13.0,13.5,1005.4
2025-05-21,28.8,26.1,32.0,81,0.0,9.2,1006.8
2025-05-22,29.1,25.1,32.5,82,13.0,8.6,1007.0
2025-05-23,28.6,24.0,33.0,83,9.9,9.9,1006.1
2025-05-24,26.7,23.0,32.8,88,96.0,10.4,1006.6
2025-05-25,27.6,23.2,30.0,86,22.1,9.7,1007.7
2025-05-26,27.1,22.7,31.0,88,14.0,10.6,1007.8
2025-05-27,28.7,24.1,30.4,84,31.0,17.5,1006.8
2025-05-28,30.2,25.8,32.6,82,7.1,18.6,1006.1
2025-05-29,27.8,25.0,32.6,85,0.0,19.8,1006.3
2025-05-30,24.9,24.0,30.8,89,40.9,18.5,1007.5
2025-05-31,26.1,23.0,27.6,90,63.0,11.0,1009.4
2025-06-01,28.6,24.2,31.9,86,5.1,17.0,1009.3
2025-06-02,28.6,25.6,32.1,81,0.3,12.0,1009.4
2025-06-03,28.1,24.3,32.1,83,3.0,9.7,1009.3
2025-06-04,27.6,24.6,31.8,84,7.9,9.4,1009.9
2025-06-05,28.8,24.8,32.0,83,1.0,13.0,1009.2
2025-06-06,29.2,25.7,32.0,84,0.0,14.5,1009.5
2025-06-07,29.1,27.0,31.0,85,0.2,15.0,1010.1
2025-06-08,29.2,26.0,32.0,81,0.1,16.6,1009.4
2025-06-09,28.3,25.0,31.0,83,0.0,14.3,1008.2
2025-06-10,27.8,26.0,32.0,85,0.5,13.3,1006.5
2025-06-11,27.1,24.2,31.5,87,6.1,12.9,1006.2
2025-06-12,27.6,23.6,31.6,84,29.0,12.0,1005.3
2025-06-13,26.9,24.6,30.9,87,26.9,14.4,1006.4
2025-06-14,26.3,23.6,30.0,86,70.1,13.4,1007.9
2025-06-15,25.7,23.0,30.6,88,39.9,15.9,1008.5
2025-06-16,26.4,22.5,30.0,86,25.9,11.9,1008.4
2025-06-17,28.1,24.1,32.0,84,6.1,9.4,1009.2
2025-06-18,27.9,24.6,31.2,80,0.3,11.0,1009.4
2025-06-19,27.7,24.7,31.2,83,3.0,12.4,1009.3
2025-06-20,28.1,24.9,31.0,82,8.9,13.0,1009.9
2025-06-21,28.4,24.8,31.5,84,0.5,14.7,1009.9
2025-06-22,27.9,25.0,31.6,82,0.0,14.5,1009.5
2025-06-23,27.6,24.0,31.5,83,2.0,14.8,1009.0
2025-06-24,28.9,26.0,31.0,85,0.0,11.3,1008.0
2025-06-25,29.1,26.5,31.0,85,2.0,11.4,1007.7
2025-06-26,25.8,24.0,31.7,87,9.9,9.2,1008.4
2025-06-27,27.9,23.2,31.7,81,21.1,15.8,1008.8
2025-06-28,27.2,24.0,31.7,82,1.0,13.0,1009.4
2025-06-29,27.7,22.3,32.0,82,16.0,18.2,1008.3
2025-06-30,28.1,25.2,32.4,82,0.0,17.3,1007.8
2025-07-01,27.9,24.4,31.7,83,0.0,13.0,1008.6
2025-07-02,27.6,23.6,31.1,81,1.0,13.9,1008.6
2025-07-03,27.4,23.7,32.0,80,0.0,13.9,1009.2
2025-07-04,28.0,23.1,31.8,78,1.0,14.5,1010.1
2025-07-05,28.3,26.0,32.0,77,0.0,17.6,1009.7
2025-07-06,28.0,23.1,33.1,81,3.0,13.8,1009.5
2025-07-07,28.9,25.2,32.0,82,0.0,14.8,1008.9
2025-07-08,29.2,25.5,32.3,80,0.8,17.9,1009.1
2025-07-09,28.9,25.4,32.9,79,0.3,19.7,1009.0
2025-07-10,29.3,25.7,33.0,78,0.8,19.4,1007.9
2025-07-11,28.9,27.0,33.8,79,0.0,18.4,1008.1
2025-07-12,27.6,23.7,32.2,80,3.0,21.1,1009.0
2025-07-13,27.4,23.9,33.4,80,0.0,16.7,1009.2
2025-07-14,27.5,23.5,32.0,78,1.0,15.4,1009.7
2025-07-15,26.8,22.4,32.0,84,7.1,17.8,1008.3
2025-07-16,25.8,23.8,32.1,86,4.1,16.4,1008.3
2025-07-17,25.9,23.1,28.6,86,5.1,18.9,1007.7
2025-07-18,26.1,24.0,30.0,84,3.0,18.9,1007.5
2025-07-19,25.1,22.4,31.2,88,36.1,21.5,1007.2
2025-07-20,24.5,23.3,27.6,91,3.0,10.2,1006.7
2025-07-21,25.2,22.7,28.0,90,27.9,10.9,1007.7
2025-07-22,25.8,23.5,29.0,88,1.0,8.0,1008.5
2025-07-23,25.7,22.4,29.0,85,7.9,12.5,1008.3
2025-07-24,24.9,23.0,28.3,89,8.9,10.7,1007.6
2025-07-25,25.4,23.4,30.0,87,15.0,11.8,1008.2
2025-07-26,25.6,21.5,30.1,86,35.1,11.7,1009.9
2025-07-27,27.2,23.4,30.0,82,2.0,16.1,1009.3
2025-07-28,27.8,26.0,32.0,80,0.0,18.1,1008.4
2025-07-29,27.8,24.0,32.0,79,0.3,22.3,1009.0
2025-07-30,27.4,24.6,32.9,81,0.5,20.8,1008.9
2025-07-31,26.8,23.9,31.8,85,4.1,18.4,1008.8
2025-08-01,26.9,24.9,30.8,85,1.0,16.0,1008.4
2025-08-02,27.1,24.1,30.0,82,0.0,21.0,1007.9
2025-08-03,24.5,23.8,32.5,86,0.0,13.1,1009.3
2025-08-04,26.2,22.8,29.0,82,5.1,18.4,1008.2
2025-08-05,26.2,23.4,30.0,85,7.1,19.6,1008.7
2025-08-06,26.3,24.0,30.8,87,0.0,19.7,1008.1
2025-08-07,26.5,25.0,29.0,84,0.4,16.7,1008.1
2025-08-08,26.9,25.0,29.0,84,4.5,14.7,1008.6
2025-08-09,27.2,26.0,29.0,85,1.7,12.8,1010.3
2025-08-10,27.5,26.0,30.0,85,1.8,9.6,1010.3
2025-08-11,26.8,24.8,29.6,86,2.0,7.6,1010.4
2025-08-12,26.9,24.5,29.0,85,2.0,10.7,1009.4
2025-08-13,26.2,24.0,29.5,87,5.1,14.3,1008.5
2025-08-14,27.0,23.3,30.0,88,18.0,7.7,1008.7
2025-08-15,27.3,23.8,30.3,84,4.1,11.9,1008.1
2025-08-16,26.0,24.0,30.4,86,0.0,15.9,1006.9
2025-08-17,27.1,23.3,29.8,86,21.1,12.7,1007.0
2025-08-18,27.6,25.2,30.0,86,4.1,13.9,1009.3
2025-08-19,27.7,25.1,30.2,81,0.0,18.9,1009.2
2025-08-20,27.5,26.0,31.0,83,0.0,18.3,1009.1
2025-08-21,27.6,23.6,31.0,78,0.0,16.7,1009.8
2025-08-22,27.6,26.0,31.0,82,0.3,18.5,1009.8
2025-08-23,27.4,26.0,30.0,82,0.2,16.0,1009.8
2025-08-24,27.3,25.0,30.0,84,0.7,14.9,1010.2
2025-08-25,27.5,25.0,32.0,82,0.0,18.4,1008.7
2025-08-26,27.6,26.0,30.0,83,1.7,15.7,1009.7
2025-08-27,27.2,25.0,31.0,80,8.1,14.9,1009.5
2025-08-28,26.7,24.0,29.0,86,16.0,15.5,1009.2
2025-08-29,26.2,25.0,28.0,88,17.7,11.3,1009.4
2025-08-30,27.0,25.0,29.0,84,5.7,11.1,1010.6
2025-08-31,27.2,25.0,30.0,84,4.3,16.5,1009.7
2025-09-01,27.2,26.0,30.0,83,3.9,17.7,1008.2
2025-09-02,27.2,26.0,30.0,84,1.0,17.6,1008.1
2025-09-03,27.6,26.0,30.0,84,2.0,19.2,1008.4
2025-09-04,27.8,26.0,30.0,81,0.4,13.7,1009.2
2025-09-05,27.7,26.0,31.0,82,0.2,15.8,1009.7
2025-09-06,27.8,26.0,30.0,82,0.3,16.1,1009.8
2025-09-07,28.0,26.0,31.0,82,1.0,19.5,1009.1
2025-09-08,27.7,26.0,31.0,82,0.0,17.6,1008.5
2025-09-09,27.8,26.0,31.0,82,0.5,16.8,1008.5
2025-09-10,28.3,27.0,31.0,81,0.6,14.8,1009.2
2025-09-11,28.0,26.0,31.0,83,0.5,16.1,1008.9
2025-09-12,28.1,26.0,32.0,80,0.0,18.0,1008.7
2025-09-13,28.0,26.0,31.0,82,0.1,15.4,1009.0
2025-09-14,28.3,26.0,31.0,80,0.0,9.7,1009.9
2025-09-15,28.0,26.0,31.0,81,3.9,11.4,1009.5
2025-09-16,28.2,26.0,31.0,80,0.8,13.0,1009.2
2025-09-17,27.7,26.0,30.0,81,1.9,13.9,1009.3
2025-09-18,28.0,26.0,31.0,80,0.8,15.2,1009.2
2025-09-19,28.0,26.0,31.0,80,0.3,12.1,1010.0
2025-09-20,28.4,26.0,32.0,80,1.6,12.8,1009.7
2025-09-21,28.6,26.0,32.0,78,0.5,10.8,1009.0
2025-09-22,28.2,25.0,31.0,82,0.5,12.3,1010.1
2025-09-23,28.1,27.0,31.0,82,8.8,11.3,1010.9
2025-09-24,27.5,25.0,30.0,83,7.2,10.4,1009.9
2025-09-25,26.3,24.0,28.0,86,14.1,11.8,1008.9
2025-09-26,25.9,24.0,28.0,87,15.5,10.6,1009.6
2025-09-27,27.6,24.0,31.0,84,5.2,10.8,1009.7
2025-09-28,28.1,25.0,31.0,84,8.3,9.4,1009.9
2025-09-29,29.0,26.0,32.0,81,7.0,15.5,1009.0
2025-09-30,28.3,26.0,30.0,82,0.2,14.5,1008.1
2025-10-01,28.5,26.0,30.0,83,1.9,13.5,1007.8
2025-10-02,28.6,26.0,31.0,81,0.5,10.4,1009.3
2025-10-03,29.1,26.0,32.0,79,0.1,13.1,1010.3
2025-10-04,29.0,28.0,32.0,81,1.0,12.8,1011.0
2025-10-05,27.7,25.0,30.0,80,6.8,13.5,1011.3
2025-10-06,28.5,26.0,32.0,78,0.2,15.6,1011.0
2025-10-07,28.3,26.0,32.0,77,0.1,17.2,1010.8
2025-10-08,28.6,26.0,32.0,78,0.9,8.0,1010.3
2025-10-09,28.7,26.0,32.0,77,0.9,4.8,1010.7
2025-10-10,29.3,26.0,32.0,76,0.2,4.2,1009.6
2025-10-11,29.2,26.0,33.0,76,0.4,8.3,1008.7
2025-10-12,28.1,26.0,32.0,81,5.5,5.1,1008.2
2025-10-13,28.5,26.0,32.0,80,7.3,11.0,1008.0
2025-10-14,27.3,24.0,31.0,83,22.1,3.9,1006.5
2025-10-15,27.6,24.4,31.0,83,7.3,7.3,1005.8
2025-10-16,27.0,25.0,30.0,85,15.1,5.8,1005.9
2025-10-17,27.7,26.0,30.0,84,4.8,6.3,1007.2
2025-10-18,27.8,25.0,32.0,82,23.8,6.5,1007.5
2025-10-19,27.2,25.0,30.0,83,12.0,5.2,1007.1
2025-10-20,27.8,25.0,32.0,81,13.4,7.1,1006.5
2025-10-21,26.3,24.0,29.0,85,20.0,5.4,1006.9
2025-10-22,27.1,25.0,31.0,83,29.9,6.5,1007.9
2025-10-23,26.5,24.0,30.0,86,48.2,6.8,1009.2
2025-10-24,25.8,25.0,29.0,89,29.3,6.3,1009.7
2025-10-25,28.3,25.0,32.0,82,5.8,7.0,1009.2
2025-10-26,28.6,25.0,32.0,80,1.1,5.1,1009.3
2025-10-27,27.1,24.0,31.0,82,12.8,9.5,1009.5
2025-10-28,27.2,24.0,30.0,84,24.6,13.2,1009.0
2025-10-29,27.5,24.0,31.0,85,23.2,10.1,1009.4
2025-10-30,28.5,25.0,31.0,79,0.0,7.4,1010.4
2025-10-31,28.2,25.0,31.0,80,0.0,9.8,1011.3
2025-11-01,28.2,26.0,31.0,80,0.0,11.8,1011.3
2025-11-02,28.0,25.0,31.0,79,0.0,15.3,1012.3
2025-11-03,27.9,25.0,31.0,79,0.0,12.5,1012.1
2025-11-04,28.1,25.0,31.0,78,0.0,16.9,1011.2
2025-11-05,27.7,26.0,29.0,82,7.7,12.1,1010.1
2025-11-06,27.9,26.0,30.0,79,0.0,14.2,1010.3
2025-11-07,27.9,25.0,31.0,80,1.9,14.1,1010.8
2025-11-08,28.1,26.0,31.0,79,1.8,12.1,1011.6
2025-11-09,27.2,24.0,31.0,81,3.0,9.4,1011.0
2025-11-10,27.5,25.0,31.0,80,18.8,4.0,1010.9
2025-11-11,28.1,26.0,32.0,80,20.1,6.7,1011.0
2025-11-12,27.5,24.0,32.0,80,5.2,9.6,1011.0
2025-11-13,27.1,24.0,30.0,83,7.3,4.5,1011.7
2025-11-14,27.5,25.0,31.0,83,8.2,3.0,1010.9
2025-11-15,27.2,25.0,31.0,83,1.0,5.6,1011.5
2025-11-16,28.0,25.0,31.0,81,5.0,5.6,1011.8
2025-11-17,27.3,26.0,31.0,84,19.5,4.6,1011.1
2025-11-18,26.0,25.0,28.0,86,15.2,4.1,1010.0
2025-11-19,27.0,24.0,30.0,83,6.2,6.4,1010.1
2025-11-20,28.3,25.0,32.0,79,4.6,4.0,1010.5
2025-11-21,28.6,26.0,32.0,80,11.8,8.0,1011.1
2025-11-22,25.7,25.0,27.0,89,10.2,2.8,1011.2
2025-11-23,26.2,25.0,30.0,86,21.8,6.0,1010.5
2025-11-24,26.3,25.0,28.0,87,4.5,3.6,1010.9
2025-11-25,27.7,25.0,32.0,79,9.9,2.8,1010.2
2025-11-26,27.8,26.0,31.0,80,17.0,2.6,1010.6
2025-11-27,27.5,25.0,30.0,79,2.5,4.7,1010.5
2025-11-28,25.8,23.0,28.0,82,0.0,4.7,1009.4
2025-11-29,24.9,23.0,28.0,80,2.9,3.0,1008.8
2025-11-30,27.1,23.0,31.0,79,0.0,5.5,1009.0
2025-12-01,28.0,25.0,31.0,78,0.0,7.2,1009.3
2025-12-02,28.3,25.0,31.0,79,0.0,6.2,1009.6
2025-12-03,28.7,26.0,32.0,78,0.0,3.6,1010.2
2025-12-04,28.7,25.0,32.0,78,0.0,5.5,1010.5
2025-12-05,28.8,25.0,32.0,76,0.0,5.5,1010.8
2025-12-06,29.0,26.0,32.0,76,0.0,5.4,1011.4
2025-12-07,28.6,25.0,32.0,79,0.0,5.9,1011.6
2025-12-08,28.2,25.0,32.0,78,0.0,4.2,1011.4
2025-12-09,28.3,24.0,32.0,77,0.0,5.2,1010.7
2025-12-10,29.0,26.0,33.0,74,0.0,5.4,1010.6
2025-12-11,28.4,26.0,32.0,72,0.0,5.0,1010.4
2025-12-12,28.4,25.0,32.0,76,0.0,3.3,1010.2
2025-12-13,28.5,26.0,32.0,74,0.0,5.8,1010.3
2025-12-14,28.1,25.0,32.0,75,0.0,5.2,1011.1
2025-12-15,27.2,24.0,31.0,76,0.0,5.0,1010.8
2025-12-16,27.0,22.0,31.0,79,0.0,4.8,1009.7
2025-12-17,28.0,25.0,32.0,78,0.0,6.6,1010.6
2025-12-18,28.2,24.0,32.0,72,0.0,6.3,1010.5
2025-12-19,28.2,24.0,33.0,71,0.0,5.3,1009.8
2025-12-20,27.4,23.0,31.0,72,0.0,5.0,1009.5
2025-12-21,27.1,22.0,31.0,74,0.0,2.9,1009.7
2025-12-22,27.3,24.0,31.0,72,0.0,3.6,1009.8
2025-12-23,27.6,23.0,31.0,73,0.0,4.9,1009.5
2025-12-24,28.1,24.0,32.0,74,0.0,5.0,1009.7
2025-12-25,28.0,24.0,32.0,74,0.0,5.8,1010.4
2025-12-26,28.0,23.0,32.0,74,0.0,6.4,1010.0
2025-12-27,28.5,25.0,32.0,71,0.0,5.8,1010.1
2025-12-28,28.2,25.0,32.0,74,0.0,5.5,1011.0
2025-12-29,28.2,24.0,32.0,76,0.0,5.5,1010.4
2025-12-30,28.4,25.0,32.0,75,0.0,8.1,1010.8
2025-12-31,28.0,25.0,31.0,77,0.0,9.0,1010.0
2026-01-01,29.2,25.0,32.0,71,0.0,8.8,1010.2
2026-01-02,28.2,26.0,31.0,71,0.0,5.3,1011.5
2026-01-03,28.3,25.0,32.0,76,0.0,5.5,1011.3
2026-01-04,28.5,25.0,33.0,67,0.0,6.2,1011.3
2026-01-05,27.8,24.0,32.0,69,0.0,4.9,1011.4
2026-01-06,28.4,25.0,32.0,70,0.0,5.8,1011.8
2026-01-07,28.8,25.0,32.0,64,0.0,5.5,1012.0
2026-01-08,27.9,25.0,31.0,57,0.0,6.4,1012.0
2026-01-09,27.5,24.0,31.0,65,0.0,5.2,1011.5
2026-01-10,27.8,24.0,31.0,73,0.0,5.4,1011.0
2026-01-11,28.1,25.0,32.0,76,0.0,6.2,1012.2
2026-01-12,28.5,25.0,32.0,75,0.0,4.4,1013.0
2026-01-13,28.5,26.0,32.0,78,0.0,4.7,1013.6
2026-01-14,28.5,25.0,32.0,78,0.0,4.8,1012.7
2026-01-15,28.5,26.0,31.0,77,0.0,6.4,1011.2
2026-01-16,28.2,25.0,31.0,75,0.0,6.0,1011.3
2026-01-17,28.3,24.0,32.0,69,0.0,6.5,1010.4
2026-01-18,27.8,25.0,31.0,71,0.0,8.4,1009.8
2026-01-19,28.0,25.0,31.0,72,0.0,6.9,1011.0
2026-01-20,28.1,25.0,32.0,73,0.0,6.2,1010.6
2026-01-21,28.0,24.0,31.0,72,0.0,6.5,1011.1
2026-01-22,28.1,25.0,32.0,65,0.0,6.3,1011.9
2026-01-23,27.6,23.0,32.0,69,0.0,6.0,1012.8
2026-01-24,27.8,24.0,32.0,72,0.0,5.6,1013.0
2026-01-25,28.6,26.0,31.0,77,0.0,6.1,1011.8
2026-01-26,28.9,25.0,32.0,77,0.0,7.4,1012.6
2026-01-27,29.1,26.0,32.0,76,0.0,5.5,1013.5
2026-01-28,28.8,26.0,32.0,69,0.0,3.3,1012.6
2026-01-29,28.3,25.0,32.7,68,0.0,2.9,1012.3
2026-01-30,27.2,23.1,32.3,70,0.0,2.4,1013.2
2026-01-31,27.0,22.5,32.0,70,0.0,2.4,1013.0
2026-02-01,27.4,23.0,32.2,71,0.0,2.5,1012.7
2026-02-02,27.8,24.1,32.3,74,0.0,2.1,1012.9
2026-02-03,27.9,24.4,32.3,74,0.0,2.1,1012.5
2026-02-04,27.9,24.2,32.4,72,0.0,2.2,1012.8
2026-02-05,28.1,24.2,32.7,71,0.0,2.5,1012.9
2026-02-06,27.9,24.0,32.5,71,0.0,2.3,1012.9
2026-02-07,27.8,23.9,32.5,70,0.0,2.4,1012.6
