feature,importance
lag_7day_sales,0.7593513644370217
previous_day_sales,0.13230109822291947
rolling_7day_sales,0.08386294931290254
sin_dow,0.00562780537356714
day_of_week,0.00554437030942179
rainfall,0.0029113504741602766
cos_dow,0.0016648064095237296
category_Weather-related Household,0.0015062053355226347
product_id_P036,0.001159258101203607
max_temperature,0.0009813009178493912
weather_dependency_Very High,0.0007196551834724789
day,0.0005628640760416788
month,0.0005254326782000312
price,0.0004550166172228203
product_id_P066,0.0003918706646626664
weather_dependency_High,0.000257508333500505
temperature,0.00020921362575615667
category_Grocery Staples,0.0002089229698477499
category_Dairy,0.00019058812200200572
pressure,0.00019040075377665103
humidity,0.00017541543883122627
product_id_P063,0.00017134794121849032
wind_speed,0.00014435965237052302
is_weekend,0.00012833912606672476
min_temperature,0.00011237111356325765
product_id_P024,9.400698175951507e-05
category_Beverages,8.156399843388389e-05
product_id_P077,7.334218760640433e-05
sin_month,6.474315248478058e-05
product_id_P031,4.936546546787917e-05
cos_month,3.622676670739512e-05
product_id_P061,3.424065076892812e-05
product_id_P029,2.4175523626445695e-05
product_id_P060,1.8072283397366544e-05
category_Ice Cream & Frozen,1.4624715568280174e-05
product_id_P062,1.3066955480719343e-05
category_Vegetables,1.2734101281179699e-05
product_id_P076,1.1688364364514557e-05
category_Bakery,9.747481717165621e-06
product_id_P008,9.109821415922238e-06
weather_dependency_Medium,9.076601374744338e-06
product_id_P044,7.962436985187826e-06
product_id_P015,7.0302582790184046e-06
product_id_P038,5.16861332422806e-06
product_id_P005,4.91629232732294e-06
product_id_P075,4.5818539413559264e-06
product_id_P001,4.2960936935987084e-06
product_id_P078,3.873078129298592e-06
product_id_P041,3.848042040001656e-06
product_id_P033,3.72029202896745e-06
product_id_P032,3.5280337581337446e-06
weather_dependency_Low,3.211981772145287e-06
category_Fruits,3.0829550358212145e-06
product_id_P080,2.999823599464385e-06
product_id_P052,2.87609087381006e-06
product_id_P037,2.7339551021125817e-06
product_id_P074,2.457884177496159e-06
product_id_P003,2.452785101984341e-06
product_id_P042,2.284288354487554e-06
product_id_P073,1.971261387731647e-06
category_Snacks & Chocolates,1.8085658048673382e-06
product_id_P047,1.7907539505982955e-06
product_id_P045,1.3952030654685123e-06
product_id_P002,1.3926231129169877e-06
product_id_P007,1.3784820013034348e-06
product_id_P040,1.31799809746899e-06
product_id_P039,1.188576801160692e-06
product_id_P021,1.0716677086318798e-06
product_id_P004,1.0565805669772717e-06
product_id_P043,9.245107323698096e-07
product_id_P013,8.456617679190602e-07
product_id_P034,8.046367461536537e-07
product_id_P019,7.065551717341055e-07
weather_dependency_Very Low,6.352706945313882e-07
product_id_P026,6.163752388441747e-07
product_id_P064,3.3998032427581385e-07
product_id_P065,1.3029622252162878e-07
product_id_P009,0.0
product_id_P010,0.0
product_id_P012,0.0
product_id_P011,0.0
product_id_P014,0.0
product_id_P016,0.0
product_id_P030,0.0
product_id_P025,0.0
product_id_P027,0.0
product_id_P028,0.0
product_id_P020,0.0
product_id_P018,0.0
product_id_P022,0.0
product_id_P023,0.0
product_id_P017,0.0
product_id_P006,0.0
product_id_P049,0.0
product_id_P048,0.0
product_id_P035,0.0
product_id_P050,0.0
product_id_P046,0.0
product_id_P056,0.0
product_id_P058,0.0
product_id_P057,0.0
product_id_P059,0.0
product_id_P051,0.0
product_id_P053,0.0
product_id_P054,0.0
product_id_P055,0.0
product_id_P071,0.0
product_id_P079,0.0
product_id_P070,0.0
product_id_P067,0.0
product_id_P068,0.0
product_id_P069,0.0
product_id_P072,0.0
category_Ready-to-Eat & Convenience,0.0
category_Personal & Household Care,0.0
